48,38,32,43,44,28,36,72,0
46,37,32,44,44,28,37,71,0
43,33,30,42,44,31,34,56,0
39,36,30,37,36,31,36,53,0
36,38,31,39,38,29,35,59,0
42,37,33,38,41,29,37,61,0
48,35,31,34,39,27,36,67,0
51,40,32,38,44,23,36,63,0
52,42,33,38,43,23,34,63,0
54,39,35,37,43,24,37,60,0
50,40,34,37,40,26,42,76,0
45,40,35,37,42,25,42,70,0
42,38,36,38,40,26,42,73,0
42,36,35,35,36,29,46,73,0
38,38,37,35,36,30,49,81,0
41,38,36,34,35,29,43,69,0
46,42,35,34,34,29,43,72,0
45,43,36,32,31,30,43,71,0
45,40,35,34,34,28,38,67,0
49,39,36,31,39,26,30,56,0
48,39,35,32,40,28,33,49,0
42,32,35,31,39,28,36,63,0
44,29,35,30,39,26,36,63,0
43,30,35,28,39,24,35,66,0
43,32,33,27,38,26,37,66,0
44,36,32,30,40,26,33,68,0
47,40,33,31,41,29,33,57,0
45,39,32,34,43,28,33,55,0
47,40,31,34,42,30,34,55,0
44,39,29,36,38,28,36,64,0
42,36,33,36,36,27,41,69,0
40,33,39,37,35,24,39,66,0
41,33,41,35,33,27,42,69,0
40,34,41,35,33,25,41,68,0
42,36,42,35,33,26,45,62,0
41,34,40,33,34,27,43,55,0
38,33,34,34,34,29,44,54,0
39,46,45,31,33,27,42,50,0
42,48,53,37,34,28,45,54,0
32,34,47,32,29,27,32,28,0
30,33,47,30,30,28,31,31,0
30,28,42,29,27,27,31,28,0
28,29,33,30,29,26,31,29,0
29,29,38,31,29,26,30,28,0
28,25,41,33,27,27,30,31,0
30,27,42,33,27,28,28,28,0
30,29,44,31,30,30,28,30,0
29,28,45,30,27,30,31,28,0
30,29,43,31,31,33,30,28,0
32,29,43,33,32,34,28,28,0
30,30,44,36,32,33,29,28,0
28,30,44,37,33,33,30,28,0
29,33,43,37,33,31,29,30,0
29,31,41,35,29,29,26,31,0
29,34,42,32,28,26,26,30,0
31,33,45,35,27,25,29,29,0
33,32,43,35,26,25,27,28,0
32,29,44,35,25,25,26,29,0
31,32,43,36,26,24,27,29,0
29,28,39,36,28,26,28,26,0
29,29,44,32,27,26,25,28,0
28,28,53,32,27,25,24,28,0
27,30,55,33,29,25,25,24,0
30,31,58,32,28,25,25,24,0
31,33,61,32,28,24,26,24,0
32,36,54,31,29,26,27,25,0
33,35,47,31,28,26,27,26,0
34,34,45,28,28,27,27,29,0
34,34,46,28,28,29,27,28,0
34,33,49,26,25,30,26,29,0
33,30,50,27,25,27,26,26,0
34,30,56,30,24,29,28,27,0
34,33,56,35,20,31,28,26,0
33,33,54,35,20,29,27,27,0
33,33,52,36,21,30,27,27,0
32,33,54,37,23,32,26,28,0
27,35,50,34,25,29,23,27,0
25,33,48,34,24,28,25,27,0
24,35,44,33,26,27,26,26,0
22,35,41,34,26,26,27,24,0
26,33,37,33,24,25,26,27,0
28,33,33,34,25,26,26,25,0
30,32,31,30,25,26,28,27,0
29,32,34,30,25,27,27,28,0
31,36,42,32,25,28,28,30,0
30,36,46,35,25,28,28,28,0
30,39,47,38,27,30,31,29,0
33,37,48,39,27,28,31,28,0
32,33,49,40,25,27,31,28,0
31,29,47,36,29,29,30,27,0
32,30,45,33,27,28,32,27,0
32,31,47,32,27,25,29,27,0
29,32,49,31,27,26,27,28,0
34,32,48,33,27,29,29,28,0
33,33,45,36,25,27,28,27,0
33,33,48,35,27,28,29,27,0
32,30,43,35,26,29,28,27,0
32,29,42,34,31,28,31,26,0
30,31,41,30,31,28,30,26,0
30,29,40,30,28,25,29,28,0
29,31,46,30,28,26,26,27,0
30,31,50,30,28,28,26,27,0
30,32,49,31,25,27,26,27,0
29,34,49,30,25,27,27,27,0
32,35,49,28,29,29,26,24,0
30,34,38,29,29,27,26,26,0
28,33,42,25,29,25,26,24,0
27,31,45,31,29,26,25,25,0
28,27,45,36,31,24,23,25,0
24,25,45,36,28,23,25,26,0
27,30,45,33,29,25,27,26,0
30,33,37,33,31,25,26,27,0
31,33,35,29,31,26,28,27,0
31,35,40,27,30,27,31,28,0
31,36,44,28,31,27,31,30,0
30,32,44,27,30,27,32,30,0
30,29,45,28,28,28,33,30,0
28,30,45,28,26,27,31,30,0
28,31,38,24,25,28,29,28,0
29,30,33,25,26,28,29,26,0
30,31,35,27,25,27,29,28,0
29,34,41,28,22,26,30,30,0
30,33,40,27,24,25,30,29,0
31,33,42,31,25,24,30,29,0
31,32,41,31,24,25,31,30,0
33,31,37,30,28,26,30,27,0
31,29,31,30,29,27,31,27,0
30,28,38,31,27,28,32,26,0
30,28,41,29,31,28,34,29,0
32,29,44,27,30,28,37,31,0
30,30,45,30,27,28,43,44,0
33,30,45,30,27,27,56,52,0
34,33,41,30,28,26,59,54,0
33,29,36,29,24,26,59,54,0
31,30,43,31,24,25,57,54,0
31,30,47,34,24,25,52,45,0
27,30,45,34,25,26,38,34,0
31,28,44,35,28,24,32,35,0
32,32,45,35,27,25,33,31,0
32,33,37,35,29,28,31,29,0
32,35,30,30,32,28,31,27,0
34,35,30,28,30,26,30,26,0
31,33,40,29,28,28,27,26,0
31,30,42,31,30,28,31,31,0
30,28,42,29,30,25,31,33,0
29,25,46,31,27,27,32,33,0
29,24,45,33,30,27,33,34,0
30,26,39,32,30,28,35,30,0
28,29,36,30,27,24,30,26,0
29,28,34,33,28,25,31,28,0
28,33,30,33,28,25,30,26,0
29,32,33,32,25,25,28,28,0
31,33,34,34,27,25,28,31,0
30,33,37,35,29,27,29,31,0
33,35,38,33,28,27,27,30,0
33,32,39,31,26,27,28,32,0
36,34,37,32,27,27,29,30,0
34,32,35,30,25,26,30,29,0
40,29,32,30,24,27,27,31,0
37,28,30,34,25,28,27,30,0
38,31,39,38,26,28,27,28,0
32,30,40,36,27,28,26,29,0
34,29,40,38,29,28,24,29,0
28,30,39,36,29,25,24,25,0
30,29,41,34,28,26,26,28,0
29,27,33,31,29,24,25,29,0
29,25,33,31,28,28,26,30,0
26,26,33,29,27,29,27,30,0
25,25,35,31,27,29,28,30,0
25,24,37,31,27,29,31,26,0
25,25,36,30,25,29,29,28,0
26,26,36,30,25,26,29,27,0
28,26,36,29,23,25,28,28,0
29,31,34,28,27,27,29,29,0
28,32,32,29,25,25,28,29,0
27,32,31,30,25,30,29,28,0
28,32,29,27,26,29,31,29,0
29,34,31,27,27,32,31,26,0
29,31,37,30,23,32,29,28,0
30,35,41,26,26,34,28,30,0
34,33,40,26,24,29,28,30,0
33,32,41,27,27,32,30,28,0
33,33,39,27,27,28,31,32,0
34,31,34,23,33,27,31,32,0
34,30,29,23,31,28,30,32,0
31,34,27,22,32,28,30,32,0
31,33,27,24,30,26,28,32,0
30,32,28,25,31,27,26,30,0
28,33,32,27,28,27,31,27,0
30,31,37,30,28,25,31,27,0
29,27,42,35,27,28,29,27,0
29,27,41,34,28,29,31,29,0
29,28,42,34,28,29,31,28,0
30,26,40,32,25,30,28,30,0
31,30,37,32,27,31,28,28,0
33,33,33,27,27,29,29,30,0
34,36,34,28,27,31,29,28,0
34,34,40,29,26,30,28,28,0
33,39,41,33,27,28,27,27,0
29,36,41,32,26,26,26,27,0
29,34,40,33,26,26,24,24,0
26,34,40,32,24,25,26,27,0
25,35,34,33,22,25,26,29,0
26,30,34,28,22,25,28,29,0
28,32,36,26,23,27,30,33,0
27,32,39,28,25,27,35,34,0
28,29,39,29,24,27,31,30,0
28,29,39,27,25,27,34,28,0
30,30,36,29,25,26,34,32,0
28,28,32,31,25,27,33,27,0
30,28,30,28,24,29,29,26,0
32,29,31,28,26,28,31,28,0
31,30,43,26,26,29,35,30,0
30,29,45,26,26,30,34,29,0
32,27,47,23,25,28,34,29,0
31,28,47,24,27,27,35,29,0
28,27,49,24,25,26,35,27,0
32,26,39,27,26,24,30,27,0
30,30,42,28,24,25,30,27,0
28,33,41,29,25,25,31,27,0
27,31,41,31,21,25,30,27,0
27,31,38,33,27,25,29,27,0
24,32,38,32,25,26,30,25,0
25,29,38,33,28,24,30,24,0
27,31,43,33,27,23,29,23,0
28,34,43,33,28,24,27,22,0
29,36,42,31,25,27,27,25,0
30,34,43,32,28,27,26,28,0
29,36,37,28,24,28,26,26,0
29,31,39,32,28,29,27,27,0
28,28,39,35,29,29,29,29,0
29,27,38,35,27,26,29,27,0
29,28,39,34,26,31,31,25,0
30,28,39,34,27,31,32,27,0
30,30,39,30,23,32,31,26,0
31,32,42,28,23,30,33,25,0
31,33,42,28,25,31,35,28,0
29,33,42,28,26,27,33,29,0
29,33,42,29,26,26,33,31,0
29,32,36,28,27,25,34,33,0
26,34,29,26,27,25,32,32,0
28,32,35,24,26,25,30,30,0
28,34,35,26,27,24,35,32,0
29,31,36,25,27,25,35,29,0
28,33,35,26,25,26,33,28,0
28,31,35,30,25,27,33,29,0
29,30,31,33,25,26,34,28,0
29,27,29,31,23,27,28,25,0
27,29,25,33,23,27,27,27,0
33,29,25,32,27,28,28,27,0
33,30,26,29,29,30,28,27,0
32,30,26,28,30,29,27,27,0
31,32,27,31,30,30,27,28,0
33,33,29,29,31,31,26,28,0
30,33,27,29,30,30,27,32,0
33,30,28,31,28,27,27,36,0
33,31,29,29,27,27,30,38,0
33,28,31,28,26,27,30,38,0
32,26,30,29,27,24,34,37,0
34,27,32,27,25,23,30,33,0
30,28,36,31,24,22,33,29,0
31,28,37,30,25,23,30,26,0
31,27,38,29,26,23,30,28,0
29,30,39,29,26,24,26,30,0
25,29,39,30,26,25,28,29,0
29,30,36,23,28,25,27,28,0
29,31,34,24,27,26,28,29,0
32,32,31,24,27,26,28,28,0
31,31,30,28,25,25,29,26,0
31,28,32,27,28,26,29,28,0
29,26,29,27,28,25,29,31,0
29,25,31,26,27,28,28,28,0
28,32,32,28,28,28,27,27,0
32,32,33,26,28,30,31,31,0
31,33,31,25,25,28,32,29,0
31,34,32,25,25,29,31,26,0
30,35,32,26,28,27,32,27,0
28,30,37,27,29,28,31,30,0
24,32,44,26,31,25,32,28,0
27,33,42,29,31,27,31,31,0
27,34,42,30,30,27,32,32,0
27,34,41,29,27,26,33,31,0
27,34,42,30,26,24,34,29,0
31,31,40,31,24,25,29,27,0
29,30,42,28,27,25,32,30,0
30,30,45,28,28,26,35,31,0
29,29,44,28,29,24,32,32,0
32,31,41,25,30,25,33,31,0
29,32,35,24,29,24,33,32,0
30,32,39,28,29,26,31,29,0
30,32,37,27,28,26,29,28,0
30,32,39,29,29,27,30,28,0
27,31,36,31,27,28,30,29,0
27,33,37,33,29,27,29,29,0
28,31,35,32,29,27,28,29,0
27,31,34,32,29,28,25,30,0
30,35,37,35,29,29,28,29,0
31,37,41,38,27,29,29,29,0
32,38,40,35,25,31,29,28,0
32,40,37,35,23,30,30,28,0
33,42,41,36,23,28,28,28,0
28,37,37,32,21,29,28,29,0
29,35,39,27,23,28,26,27,0
29,31,42,30,24,25,28,27,0
26,30,43,28,25,27,27,28,0
27,28,39,27,28,27,28,28,0
28,31,39,27,28,28,29,28,0
27,31,35,28,30,27,31,31,0
26,31,31,29,31,30,30,31,0
28,29,34,28,31,28,31,28,0
29,30,37,28,32,29,30,31,0
30,27,37,29,32,28,27,30,0
34,28,35,29,31,31,24,27,0
32,29,34,29,28,27,30,32,0
32,30,37,32,27,30,30,32,0
33,31,41,33,24,31,32,33,0
36,31,44,33,24,32,32,34,0
34,31,45,32,22,30,32,34,0
36,33,46,33,24,31,26,27,0
35,32,51,30,24,29,30,31,0
32,32,54,30,24,27,28,28,0
28,31,54,30,23,24,29,28,0
28,29,54,31,24,25,30,29,0
27,27,54,31,24,25,36,32,0
28,26,44,31,25,26,37,30,0
29,26,38,35,25,26,37,29,0
29,27,38,35,30,28,34,28,0
29,28,39,35,28,27,34,27,0
33,30,40,32,30,27,29,26,0
31,30,41,31,30,26,26,27,0
32,29,40,29,30,26,28,27,0
30,30,43,32,27,28,28,27,0
30,34,43,31,29,30,27,27,0
25,32,40,33,27,29,28,26,0
25,33,42,33,24,29,26,25,0
26,35,36,29,25,30,27,29,0
29,32,42,26,23,30,28,28,0
31,32,45,29,24,27,27,30,0
32,33,46,28,24,28,27,29,0
34,30,44,29,25,26,28,27,0
34,31,46,29,24,30,29,25,0
31,30,36,28,24,27,31,26,0
28,26,36,28,23,28,34,22,0
29,27,40,27,26,29,35,24,0
27,28,39,27,26,32,34,25,0
28,28,37,28,28,30,33,23,0
29,29,38,30,28,29,34,23,0
31,30,34,27,27,29,32,25,0
30,29,32,28,26,28,32,25,0
31,29,31,29,26,26,33,24,0
32,29,40,28,23,25,31,26,0
33,30,42,28,27,24,30,29,0
31,32,41,28,27,23,35,30,0
30,29,41,31,25,25,34,33,0
33,30,43,32,26,23,34,34,0
33,29,36,34,26,23,36,34,0
31,30,31,33,26,27,33,30,0
31,30,43,34,27,27,28,30,0
32,32,44,34,27,26,31,27,0
27,31,41,31,27,26,31,27,0
24,32,42,28,26,27,29,29,0
26,33,43,28,22,22,30,29,0
26,32,33,27,21,23,28,28,0
25,31,38,27,21,23,28,28,0
30,36,41,29,21,23,29,28,0
29,35,42,29,24,24,33,30,0
29,33,40,29,25,25,33,30,0
30,34,39,29,26,26,33,29,0
31,36,33,26,25,27,32,30,0
30,33,32,28,24,25,31,29,0
33,36,35,30,23,28,26,25,0
32,36,41,31,23,27,26,27,0
31,34,43,34,25,28,26,28,0
33,29,40,36,26,27,27,25,0
30,29,41,34,27,28,27,27,0
27,26,44,35,27,26,27,27,0
32,24,46,35,26,29,26,27,0
32,26,45,34,25,27,28,28,0
30,29,45,33,23,26,32,31,0
31,28,42,32,21,26,33,29,0
31,28,37,29,24,28,32,29,0
26,28,27,32,24,28,33,30,0
26,29,46,29,25,28,35,29,0
27,31,49,30,29,29,29,26,0
28,31,52,31,30,28,31,27,0
31,32,51,30,29,27,32,28,0
32,33,51,25,33,24,32,27,0
30,34,37,27,32,25,28,26,0
34,32,35,25,32,25,31,29,0
33,34,42,26,33,26,28,29,0
32,34,43,28,32,26,32,30,0
32,31,44,31,31,26,32,30,0
35,30,42,29,30,28,33,32,0
32,27,42,31,27,28,33,30,0
32,25,32,28,28,28,33,30,0
30,26,31,28,27,27,28,28,0
30,28,40,27,25,28,29,27,0
31,27,43,29,26,25,30,26,0
30,28,45,33,27,24,30,27,0
31,29,45,33,25,23,30,26,0
32,28,45,32,27,27,31,28,0
29,29,36,30,27,26,30,28,0
28,29,33,28,28,27,29,26,0
28,29,36,22,27,27,28,25,0
27,30,41,23,27,28,29,27,0
28,30,41,24,25,24,27,26,0
28,30,41,27,26,24,29,27,0
27,29,41,29,24,24,27,25,0
25,30,38,29,24,27,26,26,0
26,27,40,28,24,26,27,24,0
27,31,42,28,27,27,31,25,0
28,29,40,27,25,27,31,24,0
28,30,39,26,26,26,29,25,0
29,32,38,28,28,23,30,27,0
28,32,30,28,27,26,28,28,0
28,29,44,31,23,26,24,29,0
25,30,48,30,25,23,25,27,0
25,29,49,29,25,25,27,29,0
25,26,48,28,25,27,28,28,0
24,28,50,28,25,25,28,26,0
24,30,36,27,26,26,28,25,0
28,29,31,28,25,26,28,26,0
28,28,38,28,25,27,26,24,0
30,35,42,27,23,28,28,28,0
30,35,40,28,24,28,29,29,0
30,34,41,25,24,29,29,27,0
28,38,44,25,25,30,29,28,0
29,38,39,25,26,28,30,27,0
29,32,35,26,27,28,27,24,0
29,32,44,29,28,28,30,24,0
29,32,46,32,28,26,31,26,0
31,28,47,32,26,26,31,27,0
30,28,46,32,26,27,35,29,0
29,26,47,32,24,24,34,30,0
30,27,38,30,26,25,30,32,0
30,28,35,27,28,26,29,32,0
32,29,37,27,28,28,31,34,0
32,30,43,27,29,26,29,32,0
31,30,44,28,29,29,33,30,0
31,31,46,28,27,28,33,29,0
32,32,47,29,26,28,33,29,0
27,31,43,29,27,27,32,25,0
31,33,40,28,25,28,33,27,0
31,36,42,29,25,26,31,28,0
32,36,42,31,25,26,32,25,0
31,37,43,31,23,26,33,26,0
32,38,46,31,23,23,33,27,0
30,37,48,30,22,24,29,24,0
28,35,48,32,21,23,28,25,0
25,33,48,30,21,24,31,28,0
25,31,47,29,27,24,29,26,0
29,27,45,31,26,26,26,27,0
28,29,40,31,28,27,29,27,0
28,29,56,31,27,28,30,28,0
32,35,56,33,31,25,26,25,0
34,37,55,33,26,28,32,26,0
32,40,61,33,26,27,32,25,0
34,38,63,35,24,24,30,26,0
35,38,47,32,29,26,30,25,0
32,33,44,28,25,25,31,26,0
28,32,46,29,27,22,24,24,0
27,32,39,27,27,26,25,26,0
26,32,42,25,28,29,26,25,0
25,31,45,26,24,28,25,22,0
29,32,44,27,25,30,24,24,0
30,33,43,26,25,30,26,25,0
31,29,41,26,26,27,25,26,0
31,30,34,28,27,25,24,27,0
33,34,32,26,27,24,27,30,0
30,33,38,31,28,25,30,30,0
30,35,39,32,28,24,29,31,0
30,37,40,30,30,25,28,28,0
30,36,41,30,32,26,28,28,0
31,34,39,31,31,28,27,26,0
31,34,46,26,32,24,27,25,0
30,31,46,29,30,26,27,27,0
28,32,45,29,30,26,30,27,0
27,33,43,28,26,25,30,27,0
26,32,44,28,28,23,29,28,0
27,33,32,28,25,23,27,27,0
30,32,36,26,27,24,29,28,0
31,29,42,27,23,27,30,26,0
31,29,43,29,26,27,29,29,0
30,30,43,27,26,29,32,28,0
30,27,43,28,27,29,33,28,0
29,29,46,30,28,29,31,25,0
30,30,42,31,31,26,32,29,0
32,28,42,31,30,29,32,28,0
33,30,42,32,31,28,27,29,0
33,31,41,32,29,29,27,30,0
32,30,37,29,28,29,27,30,0
33,31,38,30,25,29,23,28,0
31,31,41,30,24,27,27,29,0
31,30,40,30,25,27,26,28,0
32,32,42,29,26,26,25,30,0
31,34,40,31,25,24,26,30,0
30,32,46,30,25,25,29,29,0
31,31,48,30,24,24,29,26,0
28,32,48,31,28,25,33,27,0
25,32,47,31,27,26,32,26,0
27,33,48,27,28,27,33,26,0
27,33,47,26,30,28,30,27,0
28,35,43,25,31,28,27,25,0
28,35,43,23,27,28,29,26,0
26,35,43,24,28,28,33,31,0
25,32,40,26,28,26,35,32,0
24,33,31,25,27,24,35,32,0
23,33,36,29,27,27,36,32,0
23,32,36,31,27,26,33,32,0
24,33,37,33,27,25,28,27,0
23,34,36,34,25,25,29,28,0
23,33,38,33,28,27,29,30,0
24,35,34,32,27,26,27,31,0
24,34,42,35,28,27,26,32,0
27,33,42,36,30,27,28,32,0
30,32,42,33,31,27,28,34,0
29,32,42,33,28,24,27,32,0
32,30,43,32,31,24,28,32,0
35,32,43,29,29,22,28,29,0
33,30,42,29,24,22,26,33,0
30,31,44,30,26,24,24,27,0
29,32,45,32,25,25,29,29,0
28,30,51,32,20,26,29,29,0
24,29,48,32,22,27,28,31,0
24,30,49,29,23,30,30,28,0
26,29,48,31,23,28,30,28,0
27,29,55,32,25,29,30,28,0
24,31,50,32,26,29,33,31,0
25,30,49,32,27,28,34,29,0
25,30,48,31,26,26,33,31,0
25,31,50,32,28,28,32,31,0
26,28,46,33,27,28,28,30,0
27,29,47,33,29,26,29,26,0
27,27,44,35,30,27,29,26,0
28,31,47,35,32,25,30,23,0
29,31,48,32,33,24,34,23,0
27,33,44,33,34,25,33,25,0
27,32,41,31,33,25,29,23,0
29,34,43,30,32,26,33,28,0
30,30,38,30,31,26,33,28,0
28,30,36,31,29,27,30,32,0
28,33,40,30,28,25,30,30,0
30,32,41,31,26,25,32,32,0
30,31,40,30,28,24,31,30,0
32,35,40,31,27,26,32,30,0
31,35,42,30,28,25,32,28,0
34,31,43,31,27,26,32,27,0
30,32,43,28,26,26,32,28,0
29,33,43,32,25,27,30,26,0
29,30,46,33,27,27,30,26,0
31,31,47,33,25,29,29,27,0
28,33,48,31,25,28,30,27,0
29,34,50,32,28,28,28,26,0
33,36,51,31,29,26,28,32,0
31,35,49,28,28,24,26,30,0
32,36,50,31,30,24,27,28,0
33,34,41,31,30,24,24,29,0
34,32,39,33,28,22,27,27,0
29,29,38,30,27,25,29,24,0
29,31,41,32,27,26,30,23,0
28,28,44,32,25,25,30,26,0
29,32,49,32,26,26,31,27,0
28,33,49,31,25,30,28,28,0
28,34,48,31,25,28,26,26,0
26,32,48,31,26,29,29,28,0
26,33,42,30,27,29,29,28,0
31,27,35,28,27,29,31,27,0
31,27,32,27,27,26,32,27,0
30,27,36,27,31,30,30,27,0
32,30,32,28,30,31,27,25,0
30,28,32,26,29,31,32,25,0
28,30,39,26,27,30,29,27,0
29,32,42,33,29,32,30,26,0
31,32,39,32,24,31,32,26,0
32,30,39,32,25,29,30,28,0
33,31,39,31,25,28,32,28,0
31,32,32,30,26,26,33,27,0
28,29,29,27,24,26,32,28,0
26,29,35,28,26,25,31,28,0
25,28,38,29,26,26,34,27,0
27,29,41,32,28,25,28,28,0
28,27,42,35,27,28,28,27,0
30,29,42,32,29,26,31,25,0
31,28,42,32,29,25,30,24,0
29,30,41,35,29,25,29,27,0
29,32,36,34,27,27,31,26,0
29,32,37,31,29,26,30,25,0
28,31,36,31,29,29,32,27,0
31,32,34,32,29,29,32,31,0
31,31,40,32,30,29,31,29,0
31,29,41,31,31,27,31,31,0
31,28,39,31,30,28,31,31,0
32,30,42,31,29,27,26,30,0
30,32,40,29,26,25,29,27,0
31,32,34,25,26,23,29,27,0
30,32,36,26,26,22,30,25,0
28,32,37,26,26,21,30,25,0
29,38,34,27,27,21,29,24,0
30,35,35,27,29,23,28,31,0
27,36,42,28,30,24,29,30,0
29,38,43,29,31,25,30,31,0
30,38,44,29,30,25,30,31,0
29,31,47,32,28,24,33,31,0
26,32,47,32,25,24,31,25,0
27,31,45,32,22,24,34,28,0
27,30,47,31,21,24,32,25,0
27,29,49,34,25,25,31,26,0
27,31,46,29,26,24,29,29,0
28,29,46,29,27,25,27,29,0
31,31,42,28,30,27,25,29,0
28,33,40,28,28,24,23,28,0
27,35,41,25,25,24,26,27,0
26,35,42,28,25,26,29,24,0
26,38,40,29,25,25,30,25,0
25,35,47,32,23,26,28,24,0
28,32,46,35,25,26,31,25,0
27,32,43,36,25,27,30,26,0
29,33,43,35,25,26,29,27,0
28,31,45,36,26,26,30,28,0
28,33,40,34,24,25,30,28,0
28,36,41,29,24,27,27,28,0
29,35,42,30,26,28,30,29,0
28,33,40,31,25,27,31,31,0
31,32,39,32,24,26,29,31,0
30,31,36,31,28,25,30,31,0
28,28,37,32,26,24,31,34,0
30,31,39,30,25,25,29,33,0
29,31,39,30,25,25,30,30,0
30,33,44,33,26,25,32,29,0
31,34,46,34,28,28,30,31,0
34,34,46,34,29,29,30,29,0
31,34,51,35,28,27,27,27,0
32,34,53,35,27,29,29,28,0
31,32,52,28,26,29,27,29,0
30,31,49,27,22,27,28,27,0
29,30,47,29,24,25,29,26,0
30,29,44,29,27,26,31,30,0
28,33,44,32,28,29,30,28,0
29,34,42,32,29,29,31,29,0
30,34,42,31,31,32,32,29,0
28,37,38,29,30,32,32,29,0
30,36,39,31,27,32,35,28,0
31,37,43,33,27,30,35,29,0
29,35,43,35,26,27,34,26,0
30,36,41,35,25,25,34,27,0
29,32,43,37,25,27,38,29,0
30,30,36,35,25,26,34,30,0
31,28,46,32,26,25,33,31,0
35,31,47,31,26,26,32,29,0
35,31,50,33,27,25,31,31,0
36,31,48,31,29,24,27,30,0
35,32,48,32,30,28,26,29,0
34,30,39,30,33,29,25,31,0
30,29,40,33,33,29,28,31,0
32,27,38,30,31,31,28,29,0
29,27,41,30,31,33,29,32,0
29,27,43,28,30,29,29,32,0
29,27,41,30,27,28,29,32,0
30,26,46,26,28,28,27,34,0
27,30,48,29,28,27,27,32,0
27,29,47,27,25,24,28,30,0
28,30,45,28,28,28,29,30,0
26,31,45,27,27,26,28,30,0
26,32,40,27,26,26,29,29,0
29,30,46,30,27,27,32,30,0
31,33,50,32,27,27,34,30,0
30,32,49,32,25,24,34,31,0
30,32,46,31,25,24,34,29,0
31,35,46,32,26,25,34,28,0
27,33,47,30,24,23,31,27,0
27,32,44,32,26,26,28,28,0
25,33,47,32,24,27,28,26,0
25,32,49,33,26,28,27,26,0
26,32,49,31,26,28,25,29,0
27,34,49,30,28,28,26,29,0
27,33,50,30,26,27,23,26,0
28,34,52,30,25,27,22,29,0
27,32,51,31,27,25,23,29,0
23,33,55,34,26,27,26,31,0
24,36,51,33,27,29,25,30,0
26,34,51,31,27,29,27,31,0
26,34,49,34,28,29,27,29,0
27,35,49,33,26,29,30,29,0
31,31,44,33,27,26,27,26,0
30,27,48,33,27,29,29,26,0
30,30,48,35,29,29,28,25,0
29,28,50,30,26,29,29,28,0
28,29,51,30,26,31,27,28,0
25,29,51,28,27,30,27,29,0
24,30,43,29,26,25,25,30,0
24,29,41,26,24,24,26,31,0
25,32,39,29,26,23,27,30,0
25,30,39,29,27,24,28,30,0
27,28,38,31,26,23,28,28,0
27,28,43,31,26,23,28,28,0
24,26,44,33,24,25,28,28,0
25,25,43,32,26,27,28,25,0
26,26,42,31,24,27,28,26,0
27,26,43,29,27,30,29,28,0
27,26,46,29,26,30,28,26,0
28,27,45,29,27,30,29,26,0
29,26,44,30,25,29,28,27,0
29,25,46,32,26,30,27,30,0
30,26,46,32,24,28,28,28,0
30,28,46,32,26,28,28,30,0
30,27,47,31,27,26,27,32,0
32,30,47,29,28,27,26,30,0
30,31,47,28,30,25,26,25,0
26,32,47,28,30,24,25,29,0
26,31,42,28,29,25,25,28,0
29,33,47,29,29,25,28,26,0
27,31,46,29,28,26,26,25,0
27,30,48,29,27,25,25,28,0
28,31,48,29,27,26,28,26,0
27,28,50,29,26,25,27,26,0
24,29,50,32,26,24,24,27,0
23,27,49,31,27,22,27,27,0
26,30,47,31,25,24,27,25,0
27,30,47,31,23,24,29,30,0
28,31,38,29,23,24,30,29,0
28,33,38,24,22,24,30,31,0
30,36,44,26,21,24,29,32,0
27,36,41,28,25,24,27,31,0
29,36,43,28,27,25,32,31,0
29,34,42,29,27,25,32,31,0
30,31,40,31,28,25,33,30,0
29,31,47,31,28,27,33,32,0
31,30,48,30,27,26,34,32,0
31,28,47,32,25,25,28,30,0
30,31,47,33,26,25,27,29,0
33,32,44,30,24,28,28,29,0
32,35,31,31,25,25,27,26,0
31,34,35,32,24,25,31,27,0
30,34,36,30,26,24,29,25,0
29,39,37,30,26,26,29,26,0
26,39,47,34,27,25,28,27,0
28,35,50,35,26,29,29,28,0
25,36,46,33,27,28,28,29,0
25,36,48,33,27,31,28,30,0
28,31,46,34,26,29,29,29,0
29,29,38,30,26,28,30,28,0
26,29,37,27,27,26,33,29,0
30,30,38,26,26,30,32,27,0
31,32,37,26,24,27,31,28,0
28,30,41,24,25,27,34,28,0
29,32,43,28,26,27,32,26,0
29,32,47,27,27,28,30,27,0
28,30,46,27,28,26,28,27,0
27,32,46,28,28,26,30,27,0
30,32,47,28,29,25,26,27,0
30,31,48,25,27,29,27,29,0
31,27,50,26,27,28,29,27,0
29,27,50,31,26,27,28,27,0
30,25,50,29,26,27,31,28,0
27,26,47,28,26,29,30,27,0
24,28,46,32,24,24,32,27,0
26,30,48,31,25,23,31,28,0
29,31,51,28,24,22,31,28,0
30,31,52,31,24,22,30,28,0
31,30,53,32,26,22,30,28,0
32,29,50,30,26,22,26,27,0
32,30,48,30,27,22,27,26,0
30,28,46,29,27,27,27,28,0
30,30,45,29,25,27,25,29,0
28,30,45,26,23,26,26,29,0
28,29,44,27,25,26,27,29,0
29,29,41,26,26,27,27,30,0
31,32,46,26,27,22,26,30,0
30,31,44,24,29,20,28,29,0
31,31,43,26,27,23,28,29,0
31,30,45,26,28,24,29,28,0
28,30,45,30,26,25,29,28,0
26,32,44,34,25,26,31,27,0
25,30,47,34,24,28,32,26,0
22,30,49,34,27,28,31,28,0
26,30,48,35,25,27,31,28,0
30,31,49,33,23,29,31,29,0
31,26,50,32,23,30,30,27,0
34,28,48,32,26,29,31,32,0
34,31,48,33,26,29,32,31,0
31,30,54,31,28,30,31,32,0
31,29,53,32,28,30,33,30,0
31,32,47,29,30,29,34,30,0
30,32,47,28,28,32,32,24,0
33,28,48,27,29,33,31,26,0
32,31,39,26,26,32,32,25,0
32,31,40,26,29,31,32,27,0
33,30,42,28,26,29,32,27,0
33,29,40,31,27,27,33,29,0
31,29,40,31,25,23,32,30,0
36,27,39,34,27,23,32,31,0
32,26,43,36,24,22,30,30,0
32,27,47,39,25,24,32,35,0
31,32,48,37,23,24,28,33,0
31,33,46,37,23,25,30,33,0
27,33,48,33,22,25,29,31,0
29,33,49,33,23,27,31,32,0
31,34,49,29,24,26,31,28,0
33,28,47,28,26,26,34,28,0
32,30,49,29,26,24,33,27,0
32,31,49,30,27,24,34,25,0
35,33,47,30,25,21,34,25,0
30,32,43,27,24,23,34,27,0
30,32,43,29,24,25,32,27,0
33,28,44,31,23,26,32,27,0
32,28,47,30,22,26,31,28,0
29,26,45,30,24,27,32,28,0
29,26,47,33,25,28,31,26,0
26,28,48,32,25,25,30,26,0
23,27,45,30,25,24,29,25,0
25,29,47,31,25,25,29,26,0
25,28,46,32,24,24,33,27,0
26,28,44,30,23,24,32,27,0
28,29,44,31,24,25,34,27,0
29,29,45,32,23,24,36,28,0
28,29,41,33,26,23,36,28,0
28,31,43,30,26,24,30,27,0
28,32,43,29,28,26,30,28,0
31,33,44,28,28,26,28,28,0
29,35,43,26,28,28,26,27,0
31,34,40,27,27,29,25,25,0
28,33,38,32,28,30,26,27,0
30,32,42,33,26,29,32,25,0
26,31,41,33,26,29,34,24,0
28,30,42,33,26,27,34,28,0
27,31,41,33,24,27,34,29,0
28,30,39,30,26,26,33,29,0
27,27,40,30,25,24,27,29,0
30,24,43,32,26,28,25,31,0
30,26,40,31,26,29,25,30,0
29,25,43,32,25,30,26,29,0
36,27,40,30,24,28,26,28,0
35,27,46,33,25,29,27,29,0
34,29,45,32,29,29,26,28,0
34,31,47,34,28,29,28,26,0
35,30,47,31,30,29,28,28,0
29,28,46,32,30,32,28,27,0
30,32,42,28,30,31,29,29,0
29,34,41,30,28,28,31,29,0
29,31,44,28,28,27,30,29,0
31,32,44,31,27,26,28,29,0
31,36,44,31,25,26,30,33,0
30,33,43,32,24,25,29,31,0
30,30,42,31,23,24,27,31,0
29,32,40,31,26,25,27,31,0
28,31,40,31,25,24,29,28,0
27,27,39,30,28,23,28,27,0
27,31,41,30,29,25,31,26,0
27,31,43,31,27,26,31,26,0
29,30,42,31,27,25,33,28,0
28,30,40,30,28,26,32,29,0
28,33,41,32,27,27,34,28,0
28,31,36,31,26,26,30,28,0
29,32,39,27,28,28,29,30,0
29,33,40,28,27,28,28,28,0
28,32,43,28,26,28,27,27,0
32,31,43,26,28,26,29,27,0
31,32,51,32,30,26,30,27,0
31,30,50,33,28,25,31,28,0
32,37,50,32,29,25,31,30,0
34,36,48,32,29,26,31,31,0
31,39,50,34,26,30,30,34,0
33,37,40,31,25,30,30,34,0
32,37,45,31,25,29,31,31,0
30,33,44,34,25,29,29,30,0
28,33,46,35,25,29,31,29,0
28,29,43,36,26,29,32,32,0
25,34,49,34,27,30,30,32,0
24,38,44,34,30,29,32,31,0
26,35,44,31,29,29,34,31,0
26,36,43,30,32,29,31,32,0
28,35,44,27,32,25,31,27,0
29,32,36,30,32,27,35,29,0
35,29,43,29,29,29,34,31,0
34,32,45,29,31,29,35,30,0
34,30,46,28,28,30,35,28,0
34,33,45,28,28,31,33,30,0
35,33,46,27,27,31,31,29,0
31,34,37,27,33,29,31,28,0
30,31,47,27,30,27,29,28,0
30,33,49,28,30,26,29,29,0
27,30,49,28,30,26,30,27,0
25,30,49,28,30,24,30,28,0
26,26,49,27,25,24,31,31,0
28,26,45,27,26,22,33,33,0
29,24,41,26,26,23,32,31,0
30,30,41,28,25,24,34,30,0
29,28,42,26,25,22,31,30,0
29,31,39,28,24,26,30,31,0
29,31,39,29,25,28,28,30,0
27,32,44,28,25,31,28,33,0
26,33,45,29,26,30,26,33,0
30,33,45,27,26,30,28,32,0
30,33,46,27,25,28,26,26,0
29,32,38,27,23,29,29,26,0
29,33,34,32,22,26,30,25,0
29,31,36,33,20,27,31,27,0
29,35,35,35,19,28,32,27,0
28,32,38,34,22,32,31,29,0
28,34,40,34,22,27,31,29,0
29,34,51,33,23,28,29,30,0
30,35,58,31,23,30,29,27,0
28,31,60,32,24,30,27,27,0
29,32,59,34,23,25,29,27,0
29,33,58,32,24,29,32,29,0
27,34,54,31,23,28,32,29,0
27,35,54,29,26,26,32,30,0
28,37,52,27,27,28,32,33,0
27,36,51,26,28,29,31,32,0
27,34,53,29,27,28,27,29,0
29,34,57,28,27,30,29,29,0
30,31,48,30,25,28,29,30,0
29,29,48,31,27,28,30,27,0
30,31,49,30,27,27,31,27,0
30,31,50,30,26,25,31,30,0
29,29,47,32,26,24,28,29,0
26,30,46,33,29,23,28,32,0
26,31,46,32,26,22,27,32,0
28,29,46,31,27,23,30,32,0
27,32,47,29,28,25,27,32,0
30,31,42,28,28,26,30,33,0
31,28,41,26,25,25,29,29,0
30,30,43,27,26,27,30,30,0
30,29,40,28,24,28,27,29,0
33,28,38,30,23,26,29,26,0
32,29,37,31,27,26,29,25,0
32,31,38,30,28,27,34,28,0
34,33,39,31,29,27,34,30,0
32,35,39,31,30,26,34,29,0
31,36,38,31,31,25,34,29,0
30,36,38,31,27,27,34,28,0
32,34,43,33,25,27,30,26,0
32,31,41,31,27,27,31,24,0
32,31,42,33,28,27,29,24,0
34,30,43,30,29,27,32,24,0
33,29,49,31,28,27,30,28,0
33,29,46,28,31,28,32,30,0
29,30,47,30,27,27,34,30,0
34,32,50,24,30,28,31,26,0
32,26,39,25,29,29,31,27,0
32,28,39,28,26,29,34,30,0
33,26,39,29,27,29,39,31,0
33,28,42,29,26,29,38,33,0
33,28,43,30,25,28,38,33,0
27,27,36,30,28,28,30,32,0
24,26,43,32,28,30,31,31,0
25,28,45,34,26,30,34,31,0
29,30,48,33,23,30,31,28,0
31,31,47,33,25,30,32,30,0
30,29,48,31,25,28,32,30,0
31,33,47,26,23,25,33,30,0
31,32,48,27,29,27,31,29,0
30,32,46,27,30,28,31,27,0
29,29,45,31,30,29,32,27,0
28,31,47,30,31,29,33,27,0
29,29,49,33,31,29,32,30,0
28,25,49,32,26,27,29,31,0
26,27,49,32,26,25,30,31,0
26,27,49,32,23,24,27,29,0
26,25,46,32,24,24,27,31,0
26,28,34,32,25,25,29,31,0
29,31,39,33,28,24,30,30,0
31,33,39,32,27,24,29,33,0
33,34,41,30,28,27,31,33,0
36,35,46,30,27,25,33,32,0
33,32,46,30,27,25,29,28,0
33,31,48,28,26,26,32,29,0
32,32,53,28,25,28,32,25,0
31,32,51,28,23,26,31,25,0
30,33,46,28,24,27,28,26,0
31,26,37,31,25,26,33,32,0
29,25,38,29,27,27,34,31,0
29,27,42,31,27,28,33,30,0
28,26,44,33,26,28,26,27,0
27,27,44,34,25,30,27,35,0
25,25,42,33,28,33,27,32,0
26,27,42,32,26,33,27,33,0
28,29,47,33,28,33,27,32,0
30,29,50,30,27,30,26,31,0
30,29,50,29,26,29,29,23,0
31,33,51,29,22,27,29,25,0
31,32,50,31,24,25,29,24,0
29,30,40,30,22,25,29,24,0
30,33,47,24,26,27,35,30,0
29,31,44,24,25,25,35,30,0
31,32,45,25,26,24,36,32,0
32,30,47,26,28,25,28,27,0
32,30,45,26,28,27,29,27,0
30,31,46,26,30,25,28,28,0
29,34,44,29,29,25,28,28,0
29,35,36,29,28,27,27,27,0
25,35,44,30,28,27,25,27,0
26,33,47,30,26,26,31,30,0
30,34,47,31,24,27,31,29,0
29,31,51,29,24,28,32,30,0
28,27,53,27,24,28,33,31,0
28,27,50,26,24,26,34,33,0
29,30,46,24,25,26,29,30,0
26,29,47,26,24,25,35,33,0
26,28,50,24,24,24,33,33,0
137,55,37,44,42,59,67,353,1
154,53,36,43,40,59,72,348,1
152,51,39,46,41,62,77,250,1
149,53,39,45,43,66,86,238,1
156,50,39,41,39,67,89,237,1
151,48,37,37,39,67,88,248,1
143,51,40,35,38,72,90,243,1
138,57,38,33,36,64,88,225,1
157,62,43,37,44,76,105,311,1
165,51,31,38,44,71,98,282,1
147,48,28,43,44,75,89,351,1
141,47,31,42,42,71,74,348,1
136,50,35,43,40,73,84,350,1
130,49,38,44,47,80,88,378,1
113,54,38,42,47,84,89,384,1
126,57,39,37,47,94,99,349,1
124,55,42,38,50,94,116,348,1
125,53,42,40,56,97,112,357,1
135,53,43,44,54,94,114,322,1
136,49,45,47,54,94,115,327,1
142,45,45,48,60,93,112,308,1
136,49,42,45,57,84,99,311,1
146,52,45,47,55,82,100,317,1
138,51,43,44,51,89,96,338,1
139,55,43,42,51,91,91,306,1
142,57,45,42,43,79,91,294,1
143,53,44,46,43,80,97,279,1
133,48,37,39,40,80,86,235,1
150,57,42,38,39,68,101,248,1
147,53,40,35,39,61,109,240,1
139,51,37,35,37,62,112,236,1
142,50,38,32,42,68,110,298,1
154,53,40,35,41,72,122,303,1
150,45,36,35,46,80,110,295,1
162,49,39,37,45,81,103,334,1
162,54,42,38,44,79,99,347,1
166,60,42,41,40,81,103,332,1
180,64,44,39,42,89,104,343,1
173,61,42,37,39,85,115,354,1
167,59,42,38,40,83,119,369,1
173,55,43,39,46,84,120,406,1
183,60,42,37,47,95,116,394,1
162,55,38,37,49,85,123,397,1
158,60,43,38,50,84,114,370,1
168,61,41,37,48,83,107,361,1
169,63,37,37,49,89,116,336,1
155,58,38,39,49,70,118,334,1
154,63,40,38,45,71,102,348,1
153,62,39,38,44,69,100,399,1
140,60,42,39,48,76,115,375,1
121,60,43,37,41,67,101,349,1
106,58,43,42,44,69,103,406,1
110,54,47,45,45,64,103,402,1
135,56,45,45,43,73,103,395,1
171,59,44,45,42,84,94,421,1
191,58,43,46,46,86,104,433,1
220,58,42,43,46,97,92,390,1
233,59,35,41,47,105,115,379,1
228,59,36,39,52,103,126,327,1
202,57,38,39,48,93,127,336,1
200,58,39,37,53,104,121,328,1
195,61,41,35,51,92,121,406,1
185,59,43,33,47,84,98,403,1
179,58,44,37,44,84,84,408,1
192,58,45,36,44,78,75,403,1
183,59,46,37,39,75,83,435,1
175,52,48,39,39,88,98,327,1
168,50,47,41,43,88,98,345,1
163,47,45,40,44,82,105,366,1
143,46,43,41,44,89,133,370,1
129,42,42,42,41,82,136,323,1
130,43,37,42,46,75,127,333,1
144,49,36,42,44,79,130,368,1
152,53,38,39,44,87,132,347,1
154,55,37,40,46,86,112,367,1
166,58,35,38,49,89,108,413,1
172,61,37,39,48,83,116,424,1
160,58,38,38,49,81,116,398,1
161,57,37,40,48,71,110,427,1
165,56,36,37,47,71,110,375,1
157,56,38,40,51,71,104,359,1
125,60,43,42,51,76,98,371,1
133,62,42,47,61,92,103,357,1
129,61,42,48,62,95,108,340,1
124,60,45,48,62,99,108,348,1
140,60,42,44,59,93,104,350,1
146,64,39,40,54,96,99,336,1
144,62,39,44,45,78,97,311,1
164,66,39,43,45,80,90,332,1
169,65,35,44,47,72,77,347,1
172,64,41,49,45,78,84,366,1
175,56,41,49,48,71,88,348,1
170,53,40,46,49,103,85,375,1
163,54,43,46,49,106,84,373,1
161,58,43,48,48,112,97,405,1
153,57,41,44,48,107,111,390,1
149,60,41,43,50,109,115,418,1
167,64,42,40,44,78,122,449,1
173,67,39,42,46,88,140,437,1
183,67,40,40,46,86,133,434,1
179,65,39,38,47,101,127,420,1
190,64,35,40,42,100,125,437,1
182,59,34,42,50,108,118,441,1
202,52,35,39,52,105,99,445,1
199,53,40,42,50,102,104,511,1
209,61,38,42,48,87,95,509,1
209,62,40,40,49,89,99,472,1
202,65,40,40,47,85,109,459,1
175,63,39,38,42,69,114,467,1
177,60,36,43,45,88,111,357,1
170,56,39,43,52,92,118,346,1
186,51,37,44,53,87,113,355,1
187,49,41,41,49,89,104,310,1
185,52,45,42,53,89,97,269,1
200,57,42,35,50,83,130,263,1
199,57,44,38,46,81,127,276,1
186,60,43,38,47,102,140,340,1
184,59,41,38,49,105,146,345,1
178,60,36,38,49,105,148,338,1
155,57,40,38,49,93,121,353,1
143,53,38,35,48,90,116,354,1
142,57,41,34,45,83,105,312,1
150,65,44,35,40,78,97,328,1
145,60,47,35,39,81,91,336,1
153,60,44,36,41,86,92,338,1
161,59,44,40,45,94,100,340,1
144,51,41,39,46,87,93,314,1
142,41,42,38,52,86,97,392,1
157,55,40,38,54,81,99,414,1
146,52,42,40,52,84,108,414,1
156,56,43,38,50,81,99,411,1
164,57,45,39,51,72,113,421,1
154,57,42,39,48,66,101,345,1
141,49,42,39,44,85,109,333,1
144,52,41,38,43,83,97,320,1
123,50,40,38,44,81,114,327,1
125,50,39,41,50,103,100,368,1
149,54,39,40,48,108,102,389,1
170,61,37,39,50,103,103,375,1
184,60,38,38,49,99,105,505,1
187,62,37,35,46,99,86,525,1
185,67,37,30,39,80,88,488,1
174,62,36,31,44,78,110,463,1
176,60,35,34,48,76,103,477,1
167,59,32,36,55,88,104,325,1
218,57,33,37,56,85,106,269,1
221,50,35,36,56,84,111,285,1
224,65,36,35,52,86,96,318,1
210,59,38,36,50,87,102,314,1
201,62,37,32,40,74,99,319,1
142,62,41,32,44,78,103,340,1
127,67,42,36,42,77,107,364,1
112,55,39,39,50,76,105,329,1
133,59,40,36,51,78,117,342,1
133,58,42,37,53,82,123,320,1
132,57,40,39,48,78,123,288,1
166,60,38,37,47,88,131,254,1
173,59,42,33,40,84,139,267,1
166,57,41,44,42,74,124,291,1
192,61,40,45,46,73,119,313,1
201,65,41,43,46,79,120,326,1
186,58,40,43,48,70,122,424,1
188,63,39,45,50,72,116,419,1
183,61,40,35,48,75,113,393,1
155,62,43,40,47,79,120,421,1
150,58,46,41,50,83,124,410,1
139,60,45,42,49,80,109,330,1
130,54,45,40,48,81,101,329,1
124,55,45,43,50,84,103,345,1
160,49,42,39,49,93,97,321,1
157,51,38,39,47,86,89,319,1
163,52,43,37,47,97,85,326,1
165,51,42,39,48,96,93,351,1
164,54,40,38,45,92,93,342,1
141,50,41,38,46,74,97,344,1
141,52,40,37,46,78,101,353,1
139,52,36,37,47,62,99,328,1
137,54,37,44,47,64,93,302,1
133,50,40,43,46,65,97,283,1
144,55,40,46,46,73,88,261,1
149,51,38,47,46,69,81,261,1
142,48,37,47,45,75,85,272,1
175,47,38,41,40,69,97,363,1
200,54,37,41,43,67,109,408,1
188,52,37,40,38,66,117,440,1
180,57,40,38,39,74,121,451,1
199,61,41,40,39,73,133,469,1
182,68,42,38,40,75,133,408,1
166,67,41,39,37,85,119,365,1
178,68,40,41,47,89,114,327,1
184,67,40,42,46,84,110,335,1
170,69,42,39,49,83,89,293,1
173,67,41,39,55,109,110,323,1
175,66,44,36,58,103,110,317,1
161,63,45,34,51,99,119,349,1
167,64,45,36,50,100,138,354,1
167,58,43,37,47,103,139,362,1
151,56,42,37,42,78,116,384,1
156,54,38,39,45,83,114,385,1
153,61,37,39,48,86,114,358,1
154,58,34,39,46,84,86,376,1
148,57,33,38,44,78,79,396,1
168,55,33,41,45,82,80,359,1
162,55,36,44,40,75,85,352,1
169,50,37,45,39,69,78,363,1
195,52,42,43,42,68,88,359,1
198,50,45,43,44,70,92,334,1
201,51,46,40,47,92,98,379,1
208,53,46,45,49,96,97,404,1
205,56,46,47,50,97,90,386,1
181,60,44,51,51,98,93,353,1
181,66,42,52,51,95,94,384,1
180,70,46,53,49,79,90,357,1
183,81,45,48,51,79,96,366,1
195,81,45,44,57,101,97,378,1
197,75,44,40,56,101,88,378,1
218,73,46,40,56,111,86,368,1
205,68,44,40,56,106,100,352,1
186,61,41,36,53,102,95,353,1
180,57,42,40,48,86,99,361,1
177,62,42,41,55,99,107,357,1
162,62,38,41,59,91,113,357,1
165,63,36,39,55,99,105,393,1
163,56,38,39,57,106,104,461,1
147,57,37,37,57,102,100,450,1
143,60,42,39,48,98,107,451,1
135,56,42,38,46,95,104,463,1
127,58,43,43,48,87,95,416,1
137,65,42,46,45,82,97,304,1
145,63,41,47,45,90,108,315,1
142,57,38,46,48,83,93,331,1
137,65,38,48,51,82,98,274,1
133,64,40,49,49,87,114,324,1
135,55,39,48,50,82,114,322,1
132,54,39,46,48,71,110,320,1
131,53,40,45,48,80,114,330,1
140,43,41,45,48,99,117,363,1
151,43,42,47,60,94,106,343,1
162,49,43,44,59,95,107,341,1
166,56,45,43,60,97,108,382,1
168,55,42,40,59,96,113,351,1
152,56,41,40,54,80,113,332,1
149,57,41,41,44,85,114,330,1
144,54,43,43,40,92,116,370,1
139,50,44,43,40,97,119,341,1
156,50,46,44,39,84,116,394,1
170,55,49,41,41,90,113,413,1
175,61,46,38,40,80,110,418,1
168,63,46,35,45,82,110,377,1
174,64,43,38,45,76,99,365,1
180,66,40,37,49,81,106,317,1
172,62,38,40,52,72,99,305,1
161,58,39,45,56,81,100,272,1
164,57,44,47,54,73,104,323,1
171,59,47,45,55,77,109,341,1
144,59,46,45,54,77,100,329,1
152,72,45,43,54,88,98,317,1
168,75,46,38,53,87,98,324,1
164,72,41,35,51,82,99,280,1
147,69,38,37,49,79,100,261,1
181,77,42,39,51,75,101,251,1
180,68,42,39,50,67,107,276,1
170,61,41,41,48,57,112,281,1
169,64,38,40,49,59,105,285,1
171,63,36,38,50,74,104,257,1
126,49,30,35,48,81,98,274,1
146,46,33,37,45,77,105,234,1
156,46,34,32,44,82,96,220,1
152,42,36,37,41,87,116,218,1
156,45,38,39,42,71,117,273,1
211,50,41,41,41,66,122,267,1
212,51,39,41,41,71,113,259,1
199,54,38,42,46,72,122,314,1
202,57,36,37,49,69,104,325,1
205,58,37,36,50,79,99,291,1
154,55,34,35,50,79,99,299,1
130,55,34,35,51,78,102,331,1
136,53,32,32,42,77,100,302,1
141,51,36,35,42,74,99,299,1
151,54,40,36,43,69,98,297,1
154,54,42,35,41,68,92,297,1
161,51,40,37,45,79,91,308,1
172,51,42,39,46,77,75,296,1
170,50,42,42,45,78,83,310,1
194,52,41,43,47,74,86,333,1
189,51,42,45,49,89,86,336,1
183,52,44,42,45,77,81,298,1
170,52,42,41,49,78,92,346,1
177,55,42,37,47,75,79,331,1
141,49,39,38,44,80,80,317,1
150,51,38,37,44,63,79,372,1
155,53,38,41,51,66,82,425,1
165,51,39,41,52,63,76,384,1
160,48,38,42,51,68,87,391,1
152,48,39,42,50,64,83,412,1
155,46,40,44,53,67,106,369,1
149,41,37,40,46,66,106,325,1
157,44,41,44,44,88,113,401,1
194,49,39,42,45,92,110,455,1
213,49,39,41,45,96,110,432,1
199,52,36,37,41,111,91,426,1
196,53,39,39,41,112,97,455,1
184,50,36,36,41,102,93,410,1
137,49,38,39,47,98,98,339,1
114,55,40,40,53,104,109,360,1
124,53,39,39,54,93,109,404,1
125,54,39,38,55,91,103,368,1
120,55,43,35,53,86,97,345,1
126,54,41,36,53,106,105,351,1
133,50,38,35,54,110,100,321,1
128,51,41,37,58,107,97,271,1
128,51,38,38,57,109,93,301,1
137,56,36,42,62,107,95,310,1
150,54,37,40,58,103,104,330,1
144,53,41,42,51,90,110,355,1
160,55,42,42,43,88,114,335,1
166,57,46,42,45,92,125,303,1
176,58,45,44,39,94,122,320,1
170,57,44,45,40,85,108,323,1
175,57,41,42,40,80,96,291,1
157,58,41,45,41,79,98,298,1
157,57,39,44,41,81,105,299,1
147,51,39,42,46,79,112,292,1
131,54,37,42,46,74,108,236,1
136,55,41,42,46,80,107,253,1
136,51,38,39,44,86,105,270,1
129,52,41,40,42,79,88,259,1
131,53,41,43,35,79,93,252,1
139,49,40,40,35,73,88,279,1
126,44,38,39,31,73,91,283,1
146,45,38,39,32,62,85,300,1
155,42,37,37,36,61,83,297,1
146,38,37,36,41,63,69,293,1
145,47,42,41,44,72,82,302,1
153,49,40,40,51,72,82,290,1
147,51,43,43,52,72,91,314,1
150,54,42,45,52,76,93,316,1
165,66,41,42,48,83,95,324,1
164,69,37,38,47,79,86,299,1
151,67,38,39,40,80,90,365,1
151,68,34,36,46,95,99,333,1
142,74,36,46,54,89,98,344,1
121,68,37,48,58,90,95,324,1
134,63,35,50,57,90,95,325,1
133,65,35,49,57,90,97,256,1
128,63,39,52,55,85,88,233,1
134,51,36,43,48,89,86,208,1
135,47,36,40,41,80,90,239,1
135,45,39,44,43,75,91,293,1
145,51,44,46,43,76,85,296,1
139,50,41,43,40,73,97,286,1
138,53,41,43,39,75,100,300,1
145,51,42,44,38,74,94,285,1
134,53,41,41,35,75,96,248,1
141,52,37,39,37,68,98,344,1
164,58,36,38,36,66,81,364,1
167,56,37,35,35,57,78,373,1
165,60,37,33,35,58,78,373,1
167,59,38,27,36,57,80,373,1
162,59,38,27,34,59,76,295,1
159,52,38,25,36,51,78,328,1
164,60,36,29,37,51,82,323,1
168,62,38,30,39,55,85,355,1
187,63,36,34,43,58,84,346,1
187,61,34,35,45,58,88,341,1
189,63,36,40,46,60,94,294,1
184,55,38,38,48,65,97,286,1
179,52,35,41,47,61,97,243,1
181,60,37,46,44,59,101,282,1
179,60,40,45,44,56,104,286,1
160,59,39,42,43,57,98,305,1
164,62,38,42,38,66,104,321,1
163,63,43,40,41,66,105,316,1
141,54,40,30,38,65,95,271,1
149,63,42,36,50,76,105,313,1
164,71,42,37,52,79,113,309,1
171,73,43,37,53,76,102,290,1
170,69,39,37,52,76,104,311,1
197,71,41,39,56,85,109,330,1
253,64,41,45,43,79,103,322,1
245,56,45,46,45,76,108,322,1
252,56,45,46,45,76,112,333,1
258,61,45,44,47,77,109,317,1
247,70,47,45,48,91,107,311,1
191,71,45,39,50,86,100,350,1
196,75,41,40,53,89,96,367,1
173,74,42,43,53,89,101,357,1
177,81,42,44,54,89,100,385,1
163,72,39,42,48,64,111,382,1
172,71,44,38,53,68,123,368,1
183,70,46,37,51,78,128,390,1
202,70,45,35,51,69,122,403,1
190,58,45,33,48,76,125,371,1
209,65,47,33,51,75,120,388,1
195,65,43,42,46,77,105,335,1
195,62,44,42,44,71,100,286,1
186,66,43,42,46,73,102,264,1
206,65,46,45,47,77,106,290,1
206,58,43,44,46,84,105,319,1
200,58,41,38,49,85,109,340,1
196,73,41,38,47,84,106,396,1
192,69,40,37,46,87,118,415,1
202,76,41,35,46,78,112,410,1
209,77,45,37,51,101,129,399,1
214,80,45,43,45,98,135,421,1
226,69,41,42,49,92,139,419,1
240,69,44,45,57,93,133,415,1
221,64,40,44,55,111,150,453,1
210,64,39,45,51,85,146,454,1
206,62,39,41,58,89,144,463,1
184,64,40,39,58,91,139,434,1
160,60,37,37,50,93,139,438,1
145,56,37,39,47,74,134,416,1
141,54,36,41,52,79,122,405,1
144,54,38,39,46,76,114,373,1
143,50,37,38,42,76,108,383,1
153,49,39,38,41,72,98,390,1
198,64,41,37,45,82,77,392,1
185,62,42,39,41,77,77,385,1
191,59,42,39,40,81,78,382,1
194,59,43,41,43,90,73,390,1
210,61,41,42,45,89,88,378,1
217,54,40,41,44,81,92,416,1
222,56,38,46,45,80,86,421,1
230,61,37,49,48,86,91,426,1
232,65,34,47,48,75,96,387,1
210,66,34,47,48,75,87,371,1
162,63,38,48,51,72,84,296,1
170,58,39,44,50,71,87,309,1
147,54,36,39,48,68,92,286,1
142,44,37,41,45,66,92,293,1
149,51,44,39,48,71,92,358,1
159,50,41,35,44,68,99,390,1
145,54,42,36,45,84,98,387,1
153,54,42,35,45,80,99,403,1
149,60,46,38,46,84,111,405,1
156,58,44,39,45,104,113,365,1
154,56,46,39,44,105,109,325,1
153,58,46,38,41,96,110,299,1
155,57,46,42,45,97,101,312,1
164,57,44,38,50,95,96,324,1
155,65,44,40,49,87,97,311,1
167,70,43,44,50,87,107,342,1
177,69,45,49,53,94,111,444,1
185,71,45,45,54,109,134,431,1
180,70,45,46,51,110,130,424,1
193,62,45,48,52,101,131,443,1
192,66,45,47,52,102,129,424,1
181,64,42,38,53,96,133,371,1
176,66,43,41,48,90,119,407,1
178,69,41,40,49,103,132,411,1
165,67,41,38,48,102,155,416,1
153,62,42,37,47,109,155,439,1
154,61,41,40,41,111,152,405,1
171,58,39,38,38,103,150,345,1
173,53,40,39,38,90,136,356,1
187,56,36,38,36,82,102,332,1
181,53,38,42,38,82,99,367,1
184,54,36,38,39,94,98,369,1
196,56,42,39,42,87,98,380,1
187,60,43,38,40,85,99,346,1
179,55,46,40,42,90,123,363,1
189,64,43,33,45,95,122,296,1
184,63,46,35,47,79,120,283,1
142,65,45,36,45,78,116,288,1
151,61,45,35,46,90,114,322,1
152,63,41,34,51,90,91,313,1
160,53,41,35,53,83,86,331,1
172,58,43,35,50,83,78,325,1
166,57,38,35,51,85,71,357,1
167,59,37,36,54,77,84,379,1
154,57,39,40,49,70,89,374,1
148,58,39,41,49,69,87,401,1
133,52,37,39,50,79,101,395,1
157,51,40,38,51,87,105,387,1
160,54,41,41,49,83,92,334,1
190,59,44,39,49,91,98,354,1
186,61,42,42,44,96,104,324,1
216,65,45,45,42,98,92,351,1
209,64,43,46,40,90,90,311,1
205,59,43,45,41,89,95,321,1
202,57,39,44,36,81,83,280,1
201,57,39,43,40,83,79,254,1
182,56,35,39,43,75,78,271,1
184,55,36,38,42,76,90,336,1
186,55,38,40,43,83,103,412,1
162,52,42,42,44,86,102,454,1
152,47,42,38,45,89,103,488,1
143,47,44,44,46,92,125,483,1
141,48,42,45,48,92,116,471,1
148,52,44,44,53,92,102,421,1
177,51,44,43,61,94,101,396,1
188,56,44,44,58,82,98,354,1
213,54,42,42,57,81,70,334,1
209,50,41,46,57,83,80,337,1
207,50,37,45,51,81,84,371,1
202,58,34,43,42,80,96,430,1
214,57,35,41,42,79,95,442,1
187,58,34,40,41,77,103,444,1
187,64,37,36,42,93,105,427,1
198,64,36,35,41,88,104,385,1
182,62,39,37,44,90,101,326,1
181,62,36,36,46,87,109,308,1
179,66,39,37,45,88,113,322,1
168,61,39,38,51,70,104,334,1
148,60,40,40,53,77,103,317,1
143,60,41,39,50,75,100,313,1
117,61,43,40,47,80,98,312,1
133,69,45,37,57,92,93,362,1
141,70,46,37,56,92,99,357,1
148,73,44,32,53,88,98,360,1
147,69,43,34,55,96,107,358,1
160,70,43,33,59,96,111,365,1
156,58,41,36,53,92,113,334,1
159,56,38,32,48,97,124,362,1
151,50,40,37,55,103,124,382,1
157,53,41,38,59,97,120,406,1
144,49,41,41,56,99,122,399,1
140,51,44,41,51,92,128,383,1
157,55,44,42,51,84,124,341,1
161,58,43,39,44,79,124,370,1
158,59,41,38,39,92,123,338,1
179,61,43,39,40,87,117,340,1
177,60,39,39,44,91,104,350,1
174,58,43,40,43,95,91,338,1
185,55,44,41,41,98,90,299,1
197,57,44,43,42,81,83,335,1
184,60,45,50,47,83,83,354,1
179,61,46,49,50,82,84,333,1
167,65,42,50,51,91,94,363,1
157,69,41,47,54,91,96,369,1
150,68,39,45,50,90,101,319,1
146,63,37,41,49,102,102,312,1
159,67,36,45,52,113,112,350,1
158,64,36,43,56,120,109,346,1
151,63,40,46,56,117,112,337,1
142,61,40,45,58,124,109,344,1
137,63,40,40,53,112,105,337,1
114,62,37,39,49,101,98,324,1
161,69,39,38,47,82,97,317,1
181,69,34,37,47,85,92,317,1
194,69,38,37,45,84,129,384,1
213,73,43,38,50,88,131,385,1
253,70,42,34,48,90,138,394,1
230,67,42,34,46,88,138,429,1
224,71,43,34,43,103,147,440,1
227,71,41,37,47,98,117,375,1
218,66,40,38,46,103,113,457,1
185,66,40,41,50,100,103,435,1
190,60,39,40,51,98,104,419,1
183,60,40,40,52,81,101,416,1
184,67,41,38,49,82,97,419,1
179,65,40,41,47,69,100,308,1
181,63,42,43,50,92,103,327,1
188,66,42,45,53,101,101,322,1
183,57,42,45,58,103,99,339,1
169,49,40,46,60,104,110,407,1
170,50,37,43,63,114,113,419,1
167,52,37,39,59,94,106,403,1
179,54,39,38,59,86,104,402,1
194,57,40,37,54,85,112,407,1
195,56,44,40,57,94,107,357,1
195,57,45,38,51,80,107,386,1
192,55,43,39,51,83,113,379,1
156,51,42,40,57,86,126,393,1
150,51,41,39,55,96,115,362,1
137,54,37,36,51,86,120,363,1
125,53,45,39,54,86,114,332,1
117,51,45,35,56,88,114,345,1
134,52,45,34,47,88,102,313,1
125,49,42,36,49,68,111,357,1
144,48,43,38,50,65,100,342,1
147,52,37,41,48,69,112,342,1
154,54,39,42,44,66,104,349,1
176,57,46,43,43,64,104,325,1
184,60,47,41,41,70,104,266,1
182,64,48,46,46,79,108,260,1
205,72,49,42,45,75,104,279,1
214,73,48,43,46,84,102,272,1
193,71,44,43,52,85,97,314,1
192,72,47,43,60,99,128,326,1
187,69,45,37,58,99,128,329,1
160,57,40,35,62,107,128,370,1
145,57,41,37,62,98,130,382,1
154,58,39,35,60,107,157,372,1
147,54,37,35,52,92,122,400,1
149,53,39,37,54,87,117,402,1
173,61,40,39,49,81,126,336,1
178,61,40,39,52,83,140,325,1
172,58,38,41,50,85,115,330,1
207,60,38,43,59,87,126,324,1
218,58,36,41,56,86,128,336,1
219,51,40,40,55,89,124,358,1
213,55,44,41,58,95,120,400,1
204,57,49,40,57,79,123,391,1
185,58,51,40,49,80,119,370,1
179,56,54,45,50,85,120,372,1
162,55,50,44,50,80,108,359,1
165,52,46,43,46,73,107,345,1
180,51,42,42,44,72,101,319,1
189,48,39,42,48,70,92,306,1
194,57,35,39,48,72,103,362,1
200,58,38,41,49,77,105,371,1
200,59,41,41,49,75,97,331,1
206,62,40,40,52,85,98,385,1
213,65,39,41,48,81,104,422,1
228,62,42,35,43,78,87,381,1
223,60,40,33,50,85,86,396,1
224,60,42,36,49,91,78,446,1
213,59,43,35,47,93,78,425,1
192,58,44,35,56,101,71,410,1
177,56,43,37,56,102,78,385,1
167,61,44,40,48,100,76,358,1
196,64,42,39,48,96,87,273,1
191,59,40,40,52,92,101,250,1
179,53,43,42,42,90,114,265,1
157,55,41,43,44,91,120,282,1
167,50,40,43,48,82,126,299,1
131,49,40,42,49,82,121,316,1
142,53,39,42,47,80,103,339,1
157,59,39,40,45,82,87,305,1
206,60,39,39,45,79,91,345,1
211,62,41,46,41,81,100,329,1
230,67,40,45,41,85,106,331,1
231,65,42,44,40,92,114,316,1
236,71,41,42,43,86,148,333,1
197,67,41,44,42,87,149,286,1
220,67,39,36,42,88,140,282,1
225,65,45,36,42,82,136,282,1
218,69,42,36,42,74,134,269,1
202,58,44,39,43,94,101,281,1
212,59,43,34,47,96,90,276,1
188,58,44,39,53,100,97,282,1
170,53,39,42,54,104,104,270,1
179,51,46,44,55,104,105,299,1
194,60,43,44,55,95,103,261,1
191,63,44,47,53,90,104,287,1
183,64,42,45,51,86,110,328,1
171,68,43,43,53,85,102,345,1
174,67,38,43,50,87,105,336,1
176,64,39,43,49,75,108,412,1
177,62,37,43,48,78,107,418,1
183,63,38,50,50,90,109,381,1
177,60,40,53,51,89,117,389,1
176,58,41,52,54,86,120,370,1
161,56,44,52,53,93,113,284,1
168,55,46,52,54,90,115,259,1
167,56,46,46,50,86,115,271,1
174,54,46,42,48,95,126,261,1
176,52,44,42,55,99,120,293,1
188,59,39,39,53,95,126,304,1
172,61,40,41,55,96,122,292,1
176,57,37,37,54,96,110,307,1
182,58,38,44,55,95,107,377,1
177,60,36,45,52,101,114,392,1
172,52,38,44,53,105,117,432,1
164,49,38,43,52,117,131,450,1
155,55,38,42,53,109,137,449,1
159,56,38,42,56,105,123,392,1
163,55,38,41,51,92,120,414,1
160,55,36,43,50,90,122,386,1
173,57,33,41,47,81,114,385,1
165,55,33,41,51,79,113,393,1
164,53,31,35,49,80,120,384,1
170,54,31,39,52,82,118,313,1
161,52,32,40,56,85,107,309,1
166,58,35,41,57,78,112,337,1
168,55,35,41,53,83,109,340,1
155,58,39,50,55,96,109,346,1
189,61,43,49,55,99,118,372,1
207,61,43,47,57,95,126,394,1
202,56,43,48,61,97,112,354,1
219,58,42,48,61,99,106,337,1
238,56,44,43,60,101,104,376,1
201,52,43,42,60,96,93,407,1
186,52,44,44,58,106,88,364,1
188,54,44,46,53,109,110,387,1
167,54,44,46,50,103,119,394,1
152,56,39,44,48,90,117,347,1
151,54,39,45,50,96,116,290,1
159,55,39,46,52,87,117,331,1
153,49,40,41,51,76,101,327,1
156,51,41,43,56,88,92,313,1
150,53,45,42,56,86,98,333,1
157,58,46,41,55,89,100,360,1
176,62,47,45,52,98,114,372,1
190,66,50,45,54,102,115,366,1
188,65,49,43,51,99,126,386,1
196,62,45,41,49,95,116,368,1
189,57,43,41,47,97,114,359,1
163,51,40,38,46,88,97,343,1
156,48,36,43,45,92,103,328,1
166,44,35,42,43,83,88,290,1
178,47,33,42,40,86,90,274,1
188,47,35,41,37,79,87,268,1
194,48,35,37,38,74,106,243,1
188,49,37,39,44,64,97,242,1
173,50,36,38,45,69,102,251,1
149,44,38,39,46,64,103,322,1
137,46,38,39,46,63,104,363,1
121,52,41,40,48,64,86,341,1
123,50,40,37,47,77,91,366,1
125,55,45,41,48,74,88,392,1
126,56,43,40,47,77,90,364,1
128,55,40,40,47,74,84,304,1
136,50,39,42,44,87,103,327,1
156,56,38,39,39,78,100,302,1
160,51,33,36,37,77,100,308,1
164,56,33,37,40,73,101,326,1
156,55,35,38,41,86,115,367,1
161,53,34,34,42,81,105,381,1
147,49,32,36,43,87,105,414,1
148,49,30,36,49,89,107,388,1
161,45,34,38,49,110,116,355,1
166,47,38,41,49,98,104,354,1
165,50,39,43,49,95,111,327,1
175,52,42,44,50,89,110,292,1
170,55,43,43,46,91,116,330,1
139,55,45,45,44,73,109,334,1
156,57,42,45,52,76,112,325,1
160,58,41,44,51,73,102,347,1
138,51,39,39,50,82,104,338,1
149,51,40,42,51,78,98,305,1
161,51,39,42,55,83,113,365,1
172,52,43,41,50,88,106,335,1
162,53,42,41,49,91,102,327,1
173,55,42,43,49,89,97,333,1
170,57,41,44,50,89,89,335,1
168,56,38,41,47,79,74,278,1
161,53,37,39,42,80,77,304,1
170,52,36,44,43,80,81,311,1
158,53,39,44,45,85,83,299,1
151,53,40,42,43,89,101,340,1
142,52,41,45,45,90,106,341,1
119,53,37,43,50,87,107,321,1
133,57,41,39,51,83,116,308,1
166,66,41,36,52,69,115,351,1
166,63,42,40,58,76,115,339,1
175,64,40,37,54,88,106,333,1
176,70,43,38,50,85,107,377,1
162,68,39,37,50,96,94,384,1
181,58,39,38,51,95,95,356,1
194,63,37,29,42,96,82,329,1
186,61,38,30,42,85,78,349,1
194,54,37,33,56,84,94,322,1
194,55,38,34,54,83,106,302,1
153,56,36,35,52,85,110,323,1
146,53,37,38,52,88,123,345,1
155,59,36,39,59,96,136,354,1
153,57,37,40,50,104,124,347,1
149,58,39,41,51,98,118,371,1
160,58,38,42,50,97,121,360,1
162,58,35,39,51,89,107,370,1
175,65,44,46,45,100,96,323,1
163,66,44,43,44,94,107,319,1
195,66,46,42,49,90,114,302,1
192,65,46,42,50,97,109,277,1
187,60,47,44,49,96,110,223,1
183,51,42,34,50,76,109,255,1
189,50,43,37,52,101,114,241,1
176,51,39,40,57,121,119,254,1
166,60,41,39,56,128,128,259,1
163,63,40,40,57,135,138,279,1
151,59,37,41,56,135,137,297,1
152,65,36,36,59,116,138,316,1
149,64,36,36,57,103,130,311,1
146,58,38,37,55,93,122,332,1
151,55,37,32,53,84,109,363,1
160,58,42,35,54,98,105,344,1
183,60,40,37,48,99,88,328,1
179,56,40,34,41,105,84,315,1
178,56,39,40,42,100,81,298,1
179,58,39,42,42,100,85,261,1
183,57,34,39,45,103,85,349,1
163,52,39,42,44,112,86,391,1
151,52,40,43,46,97,80,412,1
151,52,39,41,49,99,79,398,1
161,53,44,40,50,99,77,404,1
150,53,47,44,52,82,73,336,1
158,51,42,41,55,78,79,323,1
158,53,40,40,51,83,81,319,1
188,52,42,37,50,81,89,327,1
194,56,39,40,51,70,94,321,1
198,61,38,33,44,83,98,366,1
205,64,39,33,42,72,92,344,1
209,66,40,35,44,67,93,328,1
186,67,37,35,49,68,96,339,1
172,67,37,32,47,70,93,336,1
209,64,35,34,47,57,91,279,1
191,59,33,32,48,56,106,277,1
189,57,36,35,50,60,110,273,1
195,60,37,35,43,70,113,294,1
198,55,37,34,45,82,110,292,1
153,52,38,36,45,83,113,287,1
163,55,41,37,44,88,106,277,1
167,56,38,32,40,86,100,274,1
164,49,37,36,39,82,86,263,1
166,53,41,38,38,75,87,258,1
189,54,43,39,38,83,100,302,1
185,52,41,40,35,85,100,329,1
183,51,42,43,34,86,114,357,1
175,52,44,42,40,87,120,334,1
167,46,38,42,39,84,119,340,1
144,44,37,39,38,74,113,369,1
163,43,37,38,38,64,110,339,1
173,45,39,37,40,69,104,310,1
189,49,37,32,38,70,99,348,1
209,51,42,42,48,74,94,358,1
211,53,41,43,49,78,96,299,1
200,57,42,43,50,90,103,316,1
206,63,40,42,51,92,103,333,1
224,59,39,45,50,88,101,306,1
208,60,38,35,42,82,103,306,1
196,58,37,35,46,105,112,297,1
191,54,36,37,46,104,104,275,1
185,55,38,39,47,101,104,257,1
144,53,41,38,46,109,105,267,1
162,54,39,42,50,115,109,304,1
168,55,41,44,46,104,97,325,1
173,58,40,42,47,96,95,324,1
174,53,39,41,51,99,100,368,1
196,54,38,48,55,96,115,396,1
179,54,40,44,54,101,123,356,1
180,52,38,42,54,84,116,363,1
167,48,39,43,52,87,120,379,1
157,48,40,44,46,82,112,376,1
132,51,41,37,44,93,94,367,1
143,52,38,39,42,83,89,408,1
159,54,38,40,48,84,93,383,1
164,56,40,41,50,91,94,391,1
177,52,38,42,49,88,89,368,1
195,56,38,42,49,99,94,340,1
189,57,37,40,47,98,94,280,1
168,54,37,41,42,104,92,293,1
176,54,38,41,43,111,112,286,1
161,54,38,39,45,115,113,259,1
152,49,36,37,50,91,111,252,1
147,45,39,36,53,91,103,346,1
146,53,41,35,54,85,97,337,1
151,53,37,34,49,92,76,345,1
159,55,39,32,57,93,102,407,1
151,55,41,34,58,97,108,425,1
155,55,39,37,56,94,114,351,1
208,53,38,38,55,104,123,347,1
206,53,39,39,58,80,119,351,1
192,54,45,42,49,80,106,311,1
211,59,43,40,40,74,101,278,1
209,60,47,38,41,93,106,291,1
174,56,46,38,42,96,108,315,1
179,57,48,37,38,98,113,317,1
179,57,41,39,40,92,114,313,1
171,54,44,42,43,101,113,319,1
177,57,39,42,40,93,100,342,1
160,56,39,41,39,83,96,325,1
155,56,37,43,40,96,95,330,1
175,53,34,38,42,98,86,303,1
174,54,32,38,39,94,86,329,1
172,49,32,37,39,88,86,285,1
175,52,34,36,38,80,81,269,1
177,48,35,35,44,68,78,226,1
162,51,35,37,43,73,89,285,1
184,57,41,47,54,74,90,250,1
190,59,42,49,57,79,103,250,1
190,62,43,49,58,89,103,266,1
192,66,42,52,54,85,106,281,1
200,64,44,53,55,102,106,245,1
175,56,39,41,46,103,109,270,1
164,54,39,40,43,108,101,305,1
193,50,40,43,44,105,103,352,1
191,46,38,38,48,114,99,369,1
196,53,39,38,47,96,90,358,1
189,51,38,38,45,92,85,352,1
214,57,36,36,51,86,87,345,1
186,63,33,36,52,99,94,312,1
191,65,35,39,56,93,106,275,1
181,61,34,38,54,101,107,320,1
195,61,37,38,57,99,112,319,1
178,60,37,38,52,105,118,304,1
184,55,43,44,54,94,113,315,1
176,52,45,44,47,97,118,336,1
177,49,44,46,53,92,130,311,1
161,51,44,47,54,96,139,316,1
196,46,45,49,58,88,134,350,1
204,52,39,41,55,87,131,367,1
199,53,38,39,56,85,123,367,1
193,54,38,37,54,89,116,383,1
191,56,41,40,53,85,102,381,1
138,54,41,40,52,91,105,361,1
128,59,45,41,48,92,109,313,1
128,61,47,44,47,84,101,286,1
147,60,46,42,44,88,117,313,1
161,57,43,39,43,88,113,334,1
197,60,42,40,46,79,107,328,1
218,54,39,43,59,94,119,335,1
244,52,38,43,63,95,122,359,1
244,52,37,46,63,86,102,335,1
241,53,38,48,62,87,112,299,1
231,51,39,47,60,102,113,315,1
202,50,43,46,55,105,114,333,1
166,52,40,47,53,105,113,326,1
142,51,42,43,52,104,112,317,1
136,50,39,39,51,105,103,338,1
118,53,39,39,50,102,107,346,1
120,54,34,36,45,87,85,326,1
118,56,35,35,43,93,96,350,1
151,61,34,37,47,92,102,356,1
167,61,39,39,51,101,101,365,1
160,61,37,39,51,91,99,337,1
182,57,39,45,55,82,104,346,1
215,52,37,49,56,76,87,337,1
200,49,38,49,53,91,95,342,1
182,51,35,47,50,82,95,351,1
185,49,36,46,47,80,95,356,1
169,46,37,43,44,80,91,361,1
140,49,42,36,45,88,100,333,1
140,46,44,38,52,79,85,361,1
164,51,43,42,53,91,101,348,1
202,56,45,41,54,96,103,363,1
198,61,44,43,58,101,99,372,1
195,60,44,44,57,99,95,415,1
207,64,42,41,51,91,99,369,1
204,64,44,41,50,79,87,380,1
170,63,43,44,48,90,85,384,1
181,62,45,42,49,96,87,411,1
177,65,43,39,48,91,82,417,1
172,65,42,40,50,95,99,411,1
150,64,41,36,51,92,100,389,1
162,61,41,36,51,77,104,361,1
142,61,38,36,43,62,101,340,1
168,60,40,36,43,72,104,271,1
173,56,40,36,46,73,85,290,1
199,56,42,39,47,75,85,361,1
191,65,43,37,46,75,78,358,1
218,72,44,36,52,94,83,377,1
204,67,40,39,53,89,103,445,1
200,71,41,39,46,94,107,457,1
174,71,39,38,43,91,108,401,1
170,63,42,39,43,92,107,419,1
147,54,43,44,35,79,106,377,1
149,62,43,42,34,74,88,307,1
152,65,42,43,34,76,87,277,1
185,64,45,46,35,81,105,289,1
231,69,48,49,39,83,118,293,1
235,68,45,46,45,97,127,300,1
239,65,48,46,44,96,131,296,1
235,64,47,44,45,96,127,288,1
215,60,45,41,49,100,110,293,1
160,54,35,40,48,102,104,308,1
155,53,36,39,44,88,107,324,1
167,53,34,39,43,99,115,356,1
162,48,35,38,42,93,116,434,1
167,50,31,37,42,91,114,425,1
201,51,32,34,48,94,120,414,1
210,54,35,33,49,92,115,446,1
190,50,35,32,50,86,103,413,1
186,50,33,33,48,98,105,339,1
197,49,38,38,53,93,109,371,1
165,50,37,41,46,87,95,365,1
159,50,35,42,43,90,84,298,1
157,52,35,42,44,93,82,297,1
164,57,37,42,44,80,75,300,1
151,59,33,42,39,85,71,281,1
152,60,38,43,44,100,72,261,1
163,61,40,42,44,96,77,295,1
167,63,40,43,43,103,77,324,1
162,61,37,42,45,103,79,327,1
156,60,41,42,50,109,77,300,1
152,61,38,38,50,98,84,345,1
147,59,38,34,50,102,81,319,1
137,59,38,35,52,89,91,301,1
146,57,40,42,52,90,95,306,1
152,55,40,44,55,84,100,372,1
170,56,39,44,52,76,90,343,1
193,64,38,43,54,74,98,357,1
215,62,37,43,49,80,101,365,1
194,62,35,38,45,95,114,341,1
184,63,39,39,45,95,108,381,1
180,55,42,43,46,90,116,358,1
185,61,43,44,42,98,121,337,1
159,57,43,42,45,100,128,328,1
173,57,43,42,50,92,121,338,1
170,57,43,35,55,90,86,307,1
187,66,44,37,55,83,84,285,1
189,65,45,34,52,84,87,344,1
182,61,45,41,48,91,85,376,1
163,58,44,42,42,106,118,386,1
153,62,41,41,46,102,134,400,1
151,63,42,39,46,96,144,403,1
137,56,43,51,56,118,123,315,1
154,59,43,46,52,111,122,339,1
170,60,38,47,47,103,138,315,1
169,64,36,43,43,109,145,339,1
182,68,38,39,44,102,149,343,1
183,62,38,36,42,130,139,319,1
178,61,37,35,42,134,133,282,1
159,57,41,38,43,138,119,304,1
144,49,40,38,41,132,107,313,1
203,57,36,35,47,106,115,284,1
220,53,37,37,44,111,106,314,1
219,59,43,37,42,96,101,349,1
95,182,111,108,208,177,177,97,2
90,178,114,107,217,155,177,87,2
95,201,120,105,233,167,161,84,2
92,186,108,100,244,160,169,90,2
86,162,97,95,262,170,175,93,2
91,181,109,101,270,186,171,94,2
94,184,111,100,269,189,144,99,2
92,163,109,109,254,176,143,99,2
88,171,111,110,256,190,124,91,2
101,200,118,112,262,200,173,105,2
96,182,110,109,279,185,181,111,2
97,179,101,110,275,189,189,109,2
118,209,103,103,354,212,188,115,2
119,210,99,99,355,206,190,114,2
124,205,105,96,349,204,148,97,2
132,214,116,95,333,216,153,96,2
143,236,130,91,343,226,152,95,2
130,215,126,86,259,216,159,92,2
137,215,127,87,231,211,170,98,2
133,211,121,87,271,233,201,111,2
129,207,119,89,258,211,196,106,2
117,180,104,89,257,206,196,100,2
115,178,112,100,266,200,200,96,2
112,178,115,111,275,196,195,102,2
100,159,112,115,260,162,163,88,2
104,171,111,108,256,162,171,86,2
97,169,113,112,249,145,158,87,2
96,175,113,105,258,150,143,86,2
86,165,110,93,265,148,125,75,2
107,182,105,107,256,133,124,78,2
95,161,98,110,270,140,104,85,2
94,159,94,106,269,138,110,81,2
93,153,87,111,260,125,129,87,2
97,164,85,108,293,143,142,86,2
69,135,78,96,290,152,145,85,2
67,130,75,99,289,149,188,88,2
77,139,86,99,294,161,186,86,2
74,135,83,92,288,156,205,101,2
74,143,90,101,238,145,211,106,2
82,184,94,109,250,160,230,114,2
86,201,103,108,242,177,200,121,2
85,208,110,126,274,168,236,146,2
90,220,112,129,283,172,208,134,2
86,210,119,128,297,181,231,143,2
87,187,120,122,277,166,227,141,2
115,212,124,121,283,146,267,132,2
116,217,148,113,256,167,276,118,2
112,210,153,119,259,178,294,132,2
128,235,191,156,250,175,289,128,2
171,275,257,207,308,201,288,134,2
160,265,263,222,302,218,263,143,2
162,268,253,221,296,216,226,136,2
174,287,265,232,293,218,231,126,2
169,277,247,217,299,218,209,121,2
126,240,180,183,252,191,218,113,2
129,251,179,175,289,195,222,110,2
138,285,185,177,324,225,239,120,2
127,273,172,165,340,229,236,118,2
135,280,162,155,333,232,243,123,2
134,281,163,161,325,248,228,117,2
138,264,157,158,315,238,213,107,2
142,236,166,174,300,215,216,95,2
154,279,179,181,292,242,226,95,2
145,269,180,183,290,237,232,109,2
158,297,202,170,287,225,226,119,2
152,298,197,159,272,229,234,127,2
145,288,190,159,247,207,219,144,2
146,270,180,150,231,181,203,148,2
150,275,189,148,250,200,212,153,2
140,248,165,145,244,188,209,154,2
147,276,167,148,289,188,206,161,2
141,282,157,127,304,202,203,152,2
140,284,165,126,324,201,193,158,2
150,294,153,130,306,186,171,142,2
155,297,164,129,337,218,186,143,2
150,282,168,135,289,210,179,128,2
151,281,161,126,273,206,211,125,2
134,251,145,124,294,235,223,110,2
118,244,145,113,317,229,219,112,2
108,238,138,111,285,209,210,106,2
107,239,160,109,284,207,208,111,2
106,218,158,108,282,203,180,109,2
120,225,156,101,230,157,175,114,2
123,226,152,118,210,162,183,102,2
125,222,151,128,232,170,211,113,2
125,218,133,132,246,170,212,112,2
127,234,139,135,250,169,199,110,2
138,272,154,148,262,181,184,106,2
136,264,152,146,309,212,205,109,2
138,262,151,135,307,206,177,105,2
133,241,135,127,294,206,202,105,2
128,228,129,129,287,205,224,110,2
130,236,143,130,261,190,229,139,2
127,241,141,116,196,166,203,141,2
124,250,143,116,183,163,206,140,2
120,261,149,121,190,161,186,140,2
124,264,147,119,194,171,183,144,2
99,222,111,103,213,159,188,130,2
116,249,139,132,219,150,196,129,2
112,235,131,132,268,183,210,121,2
111,232,128,133,279,190,212,130,2
112,239,134,135,282,178,198,119,2
130,271,140,139,296,194,215,129,2
124,241,110,130,308,189,210,126,2
128,242,113,134,274,160,206,134,2
135,243,123,142,281,171,199,127,2
145,264,138,139,279,169,203,133,2
145,248,151,133,262,163,172,121,2
141,260,155,131,261,166,181,125,2
157,286,161,125,242,162,159,125,2
168,296,160,116,276,201,179,123,2
160,272,149,111,310,245,182,122,2
144,252,129,107,308,239,181,111,2
149,243,128,96,316,252,165,98,2
135,225,124,103,323,249,173,104,2
112,196,108,99,281,207,166,98,2
111,200,109,112,248,152,151,91,2
128,192,118,121,252,155,155,103,2
118,174,121,117,226,145,166,108,2
117,160,121,113,237,155,171,96,2
125,166,137,121,236,146,187,122,2
135,188,139,126,225,168,195,124,2
125,195,142,125,220,171,200,122,2
123,205,138,128,235,158,199,122,2
117,206,131,130,223,163,194,116,2
114,204,122,120,257,208,181,92,2
109,192,139,130,292,220,178,95,2
98,188,134,131,331,225,169,94,2
117,199,151,138,347,249,210,108,2
136,242,171,148,353,252,230,119,2
140,243,172,148,344,252,221,123,2
140,242,152,131,334,246,240,130,2
145,226,146,122,293,239,243,123,2
131,212,132,113,253,211,207,110,2
118,172,109,88,231,206,191,112,2
107,169,101,92,220,166,185,106,2
93,143,99,89,195,161,153,98,2
95,163,103,95,217,168,162,101,2
89,155,90,92,213,166,161,102,2
87,151,106,88,221,167,153,91,2
88,158,119,93,206,181,178,117,2
95,171,136,98,204,160,187,118,2
85,166,148,108,169,146,175,116,2
85,183,155,111,182,155,183,125,2
102,197,146,127,186,145,186,124,2
110,200,139,119,190,153,185,102,2
115,216,139,128,199,169,178,108,2
127,225,126,116,213,175,183,105,2
129,214,124,121,205,170,178,94,2
115,215,128,103,203,192,185,93,2
113,217,133,105,197,176,172,92,2
109,198,121,92,219,172,177,81,2
102,197,123,94,240,199,175,78,2
104,217,130,96,248,197,179,87,2
102,200,119,109,238,180,172,89,2
112,217,122,127,250,184,173,90,2
106,224,117,124,245,194,167,95,2
106,222,125,128,237,177,161,100,2
102,202,119,122,256,194,158,95,2
115,214,122,114,267,187,146,92,2
120,205,113,97,251,173,126,87,2
136,200,121,97,232,163,126,80,2
145,214,119,90,211,156,130,81,2
146,215,118,88,178,138,112,73,2
143,212,119,92,172,146,107,71,2
127,200,122,90,189,152,102,71,2
114,202,120,99,206,148,97,78,2
97,184,109,102,225,149,108,72,2
106,193,115,101,244,150,113,79,2
103,210,135,121,251,144,132,90,2
118,243,138,122,260,140,159,95,2
112,236,136,115,247,137,179,97,2
113,236,141,124,267,134,180,96,2
104,249,160,141,262,132,182,91,2
94,221,134,123,249,147,176,81,2
77,189,133,122,263,158,167,79,2
81,181,128,125,278,170,167,85,2
85,175,122,114,241,166,161,90,2
94,157,87,92,236,184,216,132,2
111,160,99,105,280,199,259,164,2
122,159,91,108,290,207,260,164,2
132,173,104,103,277,200,258,175,2
128,181,103,101,273,198,258,180,2
128,176,104,108,280,198,216,154,2
118,199,108,99,269,186,156,128,2
107,188,111,106,224,172,145,125,2
121,223,113,105,250,178,179,103,2
129,216,117,109,271,189,173,85,2
127,231,120,114,285,193,184,97,2
135,228,115,115,275,195,192,103,2
134,235,115,102,285,209,200,104,2
115,224,109,107,282,200,156,102,2
112,218,117,112,289,211,173,117,2
116,212,126,117,293,226,168,112,2
108,194,124,109,282,209,165,102,2
116,183,122,128,307,202,162,113,2
113,152,134,145,337,221,165,113,2
112,168,129,138,322,197,150,107,2
122,177,130,138,304,162,161,107,2
119,175,124,140,306,167,176,110,2
136,218,136,135,276,167,187,107,2
135,222,128,121,250,153,191,108,2
142,230,127,136,261,154,196,109,2
140,227,115,124,253,148,178,108,2
143,232,119,121,249,158,167,105,2
126,202,100,106,238,151,161,105,2
127,203,98,107,198,146,162,114,2
119,200,110,107,220,163,162,120,2
103,185,111,105,238,170,189,131,2
94,175,110,108,243,153,180,140,2
90,181,120,116,262,154,162,137,2
94,182,129,116,273,164,175,130,2
88,166,121,110,246,158,194,133,2
87,170,113,114,236,160,171,123,2
102,194,119,119,233,172,171,116,2
102,188,113,120,214,168,195,119,2
95,170,97,107,217,153,186,122,2
98,178,86,104,215,153,157,106,2
93,163,90,99,209,146,162,96,2
81,142,80,95,236,142,166,91,2
87,173,88,94,241,148,140,87,2
89,182,90,98,242,141,144,75,2
86,166,87,93,242,130,161,86,2
98,171,98,98,232,130,146,95,2
96,171,102,91,206,133,139,94,2
86,143,111,90,212,124,144,91,2
117,186,134,111,243,127,148,102,2
124,195,140,112,259,132,139,97,2
114,191,133,107,275,142,158,104,2
121,186,129,112,284,139,163,107,2
128,193,119,122,330,146,162,102,2
124,225,103,108,299,155,158,95,2
132,240,111,105,298,155,160,96,2
138,245,119,124,347,187,161,88,2
147,261,132,119,335,194,175,99,2
141,262,140,115,319,216,205,106,2
127,221,146,119,319,218,207,107,2
128,219,145,126,334,232,198,106,2
122,222,139,117,278,199,191,101,2
108,218,135,127,275,203,186,93,2
115,222,128,123,247,174,155,100,2
108,225,123,127,326,195,160,104,2
100,217,115,122,314,175,172,107,2
106,224,114,121,322,176,177,110,2
105,218,110,110,324,161,167,107,2
102,204,102,100,317,161,168,100,2
106,180,92,86,236,119,155,93,2
101,165,86,86,215,117,159,93,2
101,151,92,77,207,117,169,100,2
115,175,106,93,210,117,172,104,2
108,174,112,105,213,125,172,113,2
103,168,107,100,203,124,177,122,2
105,173,112,101,208,138,169,126,2
102,179,104,98,203,141,149,118,2
84,144,84,87,212,164,147,112,2
89,154,84,88,213,162,153,101,2
100,183,91,93,274,176,148,89,2
106,223,102,96,275,164,141,74,2
121,243,106,102,294,169,137,73,2
119,251,112,111,291,142,129,89,2
127,260,125,110,305,146,107,93,2
136,261,138,117,255,140,112,106,2
130,227,127,113,246,148,112,111,2
128,217,126,103,223,145,120,114,2
127,207,120,95,231,148,125,109,2
115,183,96,96,206,140,132,101,2
93,158,74,90,221,131,123,86,2
102,170,84,105,224,153,137,80,2
89,146,89,119,230,153,147,73,2
95,164,90,122,242,161,161,68,2
93,168,94,115,263,171,168,73,2
97,168,99,115,255,166,175,82,2
101,175,96,102,275,145,171,86,2
104,179,97,105,321,162,176,90,2
104,192,109,109,311,160,166,88,2
125,216,117,118,294,153,182,95,2
127,224,109,121,281,151,182,91,2
111,220,108,121,262,151,178,86,2
109,213,110,116,253,213,173,86,2
113,212,115,115,241,212,167,90,2
107,221,126,112,262,218,135,96,2
108,223,130,113,276,225,126,96,2
111,213,129,118,288,235,126,99,2
125,231,133,116,231,171,108,98,2
119,211,122,120,244,174,118,98,2
120,215,123,125,257,172,150,89,2
129,231,124,121,264,174,156,92,2
135,241,128,129,256,159,149,97,2
122,235,119,128,293,144,170,104,2
126,244,130,137,294,144,177,108,2
120,227,114,128,279,143,156,99,2
127,226,131,136,281,139,189,101,2
130,219,134,128,295,153,204,98,2
135,227,141,125,274,160,193,104,2
134,226,134,109,264,176,214,109,2
126,211,134,115,247,178,240,118,2
117,207,121,121,274,201,213,120,2
128,228,132,129,250,187,204,122,2
126,218,125,134,295,191,204,110,2
128,235,129,130,301,184,177,106,2
132,254,140,128,302,180,141,113,2
122,242,136,121,276,151,149,115,2
108,224,128,117,304,161,144,112,2
108,223,128,115,267,162,139,122,2
109,212,131,126,264,142,148,124,2
110,200,123,126,261,128,156,121,2
110,194,119,119,267,144,148,111,2
114,224,121,128,239,142,185,113,2
123,239,129,126,209,128,192,104,2
125,247,128,120,222,145,183,100,2
126,253,131,123,229,148,176,88,2
132,254,133,127,234,155,178,92,2
123,233,128,120,249,159,160,88,2
107,212,118,124,255,157,163,90,2
108,194,108,124,258,140,166,85,2
107,182,101,125,284,156,170,84,2
103,177,102,122,320,160,174,86,2
106,179,110,123,306,149,164,84,2
105,191,114,123,303,152,154,90,2
92,192,119,123,286,158,159,97,2
87,183,119,115,254,140,168,100,2
95,235,129,115,199,121,170,108,2
105,226,125,112,209,125,167,112,2
120,239,124,104,228,142,174,104,2
126,234,121,110,246,139,164,101,2
133,232,122,122,255,167,152,101,2
122,186,108,118,257,175,146,85,2
105,177,97,120,282,183,147,87,2
104,159,108,123,269,173,131,92,2
94,158,108,109,259,182,130,88,2
88,166,113,97,259,167,143,96,2
110,179,124,93,237,150,138,99,2
127,223,133,85,203,146,134,98,2
127,232,122,84,204,153,168,104,2
131,233,122,103,228,149,172,108,2
127,232,114,105,253,138,157,100,2
112,219,105,115,287,187,166,108,2
116,218,108,115,292,197,187,102,2
111,209,122,118,298,198,169,92,2
106,203,121,106,283,202,171,86,2
107,199,122,108,253,205,167,81,2
101,192,119,100,213,179,183,78,2
96,167,116,102,189,157,158,79,2
95,156,99,98,193,156,162,89,2
105,176,100,95,177,138,170,98,2
106,176,101,90,175,136,174,100,2
111,179,105,88,180,117,155,94,2
97,155,95,86,204,135,173,105,2
110,181,101,83,187,126,178,107,2
111,170,102,93,246,142,166,105,2
107,177,114,97,252,144,172,111,2
104,173,108,99,266,152,170,112,2
103,186,116,98,257,143,160,103,2
93,163,110,98,258,156,157,97,2
84,160,104,90,245,162,157,84,2
95,169,92,90,236,170,173,84,2
103,188,100,98,228,167,175,88,2
100,175,86,97,226,164,179,96,2
101,193,95,99,251,157,162,88,2
124,214,114,124,269,152,178,97,2
122,207,113,127,294,175,185,91,2
137,251,114,125,301,172,174,83,2
145,267,124,130,302,190,188,75,2
138,249,124,145,295,189,187,75,2
127,240,114,125,259,185,168,75,2
124,236,124,128,233,159,133,76,2
112,214,122,138,303,169,146,83,2
122,210,115,133,310,151,121,85,2
135,236,112,123,305,150,141,100,2
141,242,123,138,305,172,187,106,2
141,248,121,137,341,188,194,107,2
138,230,131,132,275,186,195,108,2
139,234,132,133,265,184,196,113,2
125,213,129,132,281,194,182,103,2
150,235,150,135,279,182,143,100,2
171,261,167,135,224,167,146,101,2
180,266,160,131,227,168,141,106,2
169,258,162,129,270,180,152,99,2
186,290,173,131,267,189,167,105,2
158,262,149,109,277,191,165,102,2
139,240,124,99,309,197,162,107,2
149,272,147,119,320,195,162,99,2
153,288,153,130,286,185,150,104,2
154,278,151,149,290,180,152,103,2
163,294,153,154,293,171,160,103,2
168,292,158,158,281,159,161,111,2
167,289,163,152,274,179,162,108,2
170,274,169,153,314,204,190,115,2
152,253,163,126,310,218,204,127,2
145,242,158,124,322,224,203,127,2
146,250,157,122,303,224,201,116,2
120,220,132,120,302,202,199,125,2
118,214,119,106,254,181,186,123,2
113,218,125,118,248,149,174,112,2
132,276,157,129,241,151,195,115,2
127,273,165,142,271,160,228,120,2
129,261,160,132,258,156,233,117,2
133,282,157,137,259,153,220,110,2
138,273,148,130,264,156,204,105,2
120,215,129,124,267,138,181,97,2
120,235,125,112,237,120,135,91,2
117,228,123,108,242,127,135,99,2
105,199,123,99,243,132,144,103,2
101,203,131,96,230,131,155,110,2
103,200,120,104,184,145,161,117,2
100,157,104,106,186,153,154,119,2
118,181,121,118,192,161,155,106,2
128,202,136,119,206,170,151,99,2
132,210,132,123,208,160,145,90,2
138,225,133,107,238,155,149,79,2
141,234,139,108,288,174,171,85,2
131,234,129,121,307,165,168,88,2
125,219,117,123,308,149,166,95,2
159,275,141,130,311,164,165,95,2
155,276,140,143,297,154,173,101,2
154,281,147,141,267,137,163,100,2
155,281,143,124,264,136,153,96,2
156,302,147,133,289,148,175,105,2
130,278,135,125,288,146,180,109,2
119,253,129,109,291,150,170,108,2
136,288,132,114,322,161,164,102,2
143,290,141,119,302,167,175,107,2
161,301,144,105,274,165,194,101,2
152,273,129,105,281,169,190,103,2
162,303,145,107,316,193,193,96,2
145,262,137,120,314,190,205,96,2
150,270,143,137,320,206,199,88,2
128,231,138,150,325,232,193,84,2
132,241,139,153,305,223,207,82,2
130,221,138,165,263,204,200,91,2
137,246,136,159,230,207,209,112,2
122,227,128,143,206,191,221,115,2
139,255,136,138,196,161,196,118,2
164,278,156,151,239,184,193,115,2
156,272,151,148,259,183,207,123,2
167,261,161,169,338,196,191,112,2
176,287,176,174,350,194,180,112,2
166,274,172,168,376,191,194,104,2
137,236,153,159,387,190,190,104,2
143,237,153,157,379,197,176,92,2
145,260,148,128,295,165,166,80,2
133,232,134,124,290,175,194,102,2
141,236,142,128,267,193,185,108,2
145,242,142,120,213,175,184,110,2
138,243,151,112,203,176,187,111,2
123,237,158,106,207,192,208,116,2
123,229,155,102,209,179,195,106,2
122,264,160,100,194,151,182,97,2
148,302,169,117,314,214,180,106,2
154,300,157,118,340,216,185,107,2
156,292,141,113,358,211,167,113,2
162,299,139,113,373,223,152,103,2
165,282,129,123,379,222,184,103,2
144,239,120,110,293,160,193,90,2
153,249,122,108,277,166,201,91,2
148,248,124,110,278,174,196,77,2
142,243,115,109,248,167,218,93,2
130,213,109,97,247,175,186,90,2
137,232,113,97,253,193,171,91,2
132,252,125,95,226,187,169,97,2
126,227,120,99,181,170,186,115,2
132,230,133,108,202,164,153,103,2
130,226,132,111,206,162,173,111,2
126,210,130,109,192,166,181,114,2
116,168,119,111,188,154,163,103,2
117,184,125,102,240,174,141,96,2
108,184,112,108,229,181,170,103,2
105,197,113,100,227,185,186,106,2
109,200,119,107,252,189,185,102,2
105,197,115,102,249,182,185,98,2
101,191,112,106,202,169,189,87,2
100,206,123,89,214,160,183,97,2
110,191,113,89,200,145,161,86,2
94,182,103,83,234,146,168,88,2
106,195,103,92,243,156,166,91,2
122,187,97,89,249,150,168,93,2
120,177,88,90,233,157,161,73,2
114,178,88,96,244,169,180,91,2
117,174,86,98,203,140,183,95,2
116,171,86,89,200,131,197,101,2
108,206,88,102,226,139,194,98,2
118,195,87,104,242,147,208,110,2
112,190,84,100,239,138,191,99,2
113,201,86,94,238,148,182,106,2
105,195,95,103,261,170,172,109,2
92,146,92,95,245,168,174,108,2
84,156,96,109,255,150,150,101,2
93,176,102,115,244,144,135,98,2
83,164,101,116,235,137,133,87,2
85,164,92,114,211,109,127,74,2
87,170,94,111,190,96,116,74,2
86,174,85,104,156,121,130,74,2
90,186,106,105,184,137,133,73,2
109,223,117,112,196,141,138,77,2
112,232,120,106,193,140,142,77,2
114,242,123,104,219,161,152,84,2
115,241,124,99,222,150,145,84,2
112,243,116,90,220,139,160,90,2
97,211,111,80,222,134,147,90,2
97,203,107,86,227,138,163,91,2
101,202,110,87,217,128,159,87,2
112,202,116,92,296,197,161,98,2
117,185,106,89,281,199,150,94,2
129,217,116,86,271,201,149,96,2
142,230,129,96,280,213,140,106,2
167,288,150,101,299,229,144,113,2
158,290,152,97,253,205,149,114,2
160,290,151,113,327,245,145,115,2
157,283,145,112,324,242,156,111,2
140,268,135,102,312,230,141,99,2
110,205,104,93,294,224,150,93,2
119,206,100,95,276,200,133,74,2
108,199,98,81,205,150,139,76,2
97,175,90,89,216,151,138,75,2
111,190,95,89,215,160,147,85,2
108,195,107,100,220,134,131,83,2
98,192,104,94,227,122,135,88,2
117,232,120,92,220,109,129,88,2
121,237,119,90,200,104,124,89,2
109,220,109,96,262,140,114,84,2
103,203,96,89,257,155,134,94,2
103,203,101,93,244,157,146,92,2
85,176,90,92,242,176,154,90,2
80,175,97,90,244,175,144,89,2
92,196,100,86,188,141,144,93,2
95,192,98,87,176,127,124,80,2
97,182,93,84,216,152,139,87,2
99,176,90,82,206,133,133,87,2
102,174,82,88,220,148,140,84,2
93,159,98,89,230,155,148,80,2
95,170,101,91,263,180,170,87,2
108,185,113,94,235,165,147,73,2
103,166,109,103,264,186,148,71,2
102,157,110,103,288,185,153,75,2
106,164,102,95,286,193,167,86,2
121,187,112,90,267,180,143,82,2
116,184,127,98,278,198,157,92,2
128,246,139,93,276,179,157,90,2
131,257,142,98,265,187,156,89,2
135,270,142,101,254,177,138,78,2
131,264,138,105,254,186,154,83,2
123,265,125,107,269,181,140,77,2
117,238,126,111,267,199,148,95,2
126,254,132,112,265,197,147,97,2
125,257,132,114,278,198,157,94,2
112,246,133,123,271,180,173,94,2
116,245,131,115,235,166,188,104,2
129,250,127,110,219,146,197,103,2
117,226,121,102,207,136,196,101,2
121,210,120,100,203,130,197,103,2
128,218,124,88,199,131,173,99,2
122,202,115,92,191,125,181,88,2
102,170,107,94,193,125,175,74,2
110,179,116,104,182,132,195,79,2
113,185,134,119,216,143,189,89,2
108,179,128,117,256,157,195,104,2
115,187,128,121,311,191,177,110,2
116,181,132,123,321,201,166,114,2
122,189,129,117,328,197,136,112,2
113,175,108,98,301,184,132,104,2
111,176,107,104,286,197,141,90,2
108,171,106,95,235,160,143,80,2
127,229,123,94,214,139,163,74,2
125,249,133,89,203,133,166,71,2
124,247,140,108,204,139,186,79,2
127,248,143,103,175,101,190,84,2
129,252,142,108,187,96,198,84,2
121,228,141,113,214,127,185,91,2
114,192,127,127,223,149,190,98,2
115,198,126,123,214,144,181,93,2
113,188,118,123,214,148,159,91,2
115,196,127,119,206,151,137,93,2
114,184,127,114,197,149,131,91,2
128,216,132,109,187,146,140,90,2
128,209,125,104,198,150,144,89,2
124,208,129,109,211,147,152,96,2
118,202,120,109,221,153,159,100,2
111,197,102,107,205,138,174,102,2
93,163,89,96,221,137,170,95,2
100,177,89,100,233,138,159,93,2
112,186,82,101,246,141,157,90,2
127,200,94,102,234,138,167,105,2
124,194,92,109,245,137,152,106,2
125,203,94,112,246,122,160,110,2
126,209,103,115,232,122,173,117,2
119,217,119,116,210,110,171,116,2
117,218,121,132,219,106,158,106,2
115,218,119,124,221,117,171,103,2
110,205,119,124,197,112,163,100,2
114,221,120,115,204,125,156,96,2
116,207,106,102,202,133,161,93,2
111,202,101,82,180,130,164,107,2
126,232,109,107,185,119,149,106,2
126,238,113,104,190,117,137,102,2
115,205,114,107,184,103,123,97,2
119,220,123,112,194,102,144,96,2
122,213,124,123,234,135,152,74,2
110,182,121,103,243,139,164,83,2
113,196,118,110,262,151,183,91,2
111,198,116,124,309,179,188,100,2
125,216,111,125,318,190,170,100,2
122,221,128,119,305,182,176,101,2
117,226,134,128,331,186,171,94,2
135,243,145,125,382,218,164,95,2
152,293,171,123,346,197,233,113,2
146,298,178,116,343,195,247,124,2
149,305,164,118,355,190,250,128,2
154,308,164,116,313,205,251,129,2
150,298,170,120,233,170,246,128,2
145,271,154,109,229,168,214,109,2
132,242,142,112,216,157,214,99,2
126,226,138,102,179,156,197,86,2
119,224,137,97,182,137,199,92,2
113,223,118,93,166,137,205,89,2
111,213,107,86,162,137,173,88,2
116,209,114,91,169,140,156,94,2
109,212,113,93,179,158,162,94,2
108,201,126,102,203,162,150,84,2
115,225,148,101,231,177,182,104,2
113,213,141,108,242,188,177,106,2
105,220,147,120,251,201,189,106,2
121,223,147,121,241,188,199,117,2
127,227,137,115,227,199,210,127,2
130,198,117,114,222,183,172,123,2
125,213,127,124,209,182,174,118,2
125,206,120,120,204,178,176,111,2
128,223,128,140,219,172,172,108,2
126,215,120,141,225,150,168,101,2
110,218,119,138,213,151,179,86,2
131,214,118,130,228,133,169,89,2
134,223,117,122,225,108,144,91,2
132,211,121,100,217,112,126,90,2
138,218,123,96,198,115,106,90,2
145,216,123,96,193,113,115,93,2
126,204,125,108,178,113,117,95,2
128,211,121,109,164,114,127,97,2
116,203,116,111,162,133,125,90,2
124,217,118,106,159,127,177,100,2
114,197,119,112,147,123,187,100,2
116,195,104,105,175,140,193,100,2
140,213,106,114,234,161,191,99,2
142,209,107,103,243,149,195,101,2
132,194,101,104,257,149,159,84,2
160,245,107,97,258,159,149,97,2
159,252,125,89,245,155,140,92,2
137,225,122,78,188,137,138,90,2
134,227,115,86,167,130,154,90,2
137,235,121,95,167,131,157,93,2
105,214,136,100,177,113,149,94,2
102,208,128,102,177,113,151,96,2
124,236,151,123,193,136,164,98,2
128,238,154,122,233,156,142,97,2
124,228,158,117,212,150,143,111,2
129,212,149,116,216,155,133,95,2
140,236,146,107,209,149,140,94,2
123,213,123,74,189,128,135,98,2
119,200,119,71,190,110,138,94,2
123,201,116,83,223,136,162,90,2
123,194,109,83,224,143,177,94,2
119,163,106,94,227,148,182,96,2
131,168,107,102,250,156,186,100,2
134,196,122,111,245,179,185,120,2
127,190,114,105,228,161,160,113,2
121,195,122,117,255,181,145,116,2
117,208,127,117,264,182,138,121,2
106,192,132,122,260,178,141,121,2
110,180,114,124,235,169,143,108,2
111,194,128,122,229,172,148,102,2
113,197,114,122,193,145,153,99,2
115,187,126,124,172,171,180,96,2
124,220,122,123,178,191,197,94,2
118,224,141,126,208,189,239,90,2
136,244,142,132,263,235,254,101,2
127,235,167,138,281,253,269,108,2
139,254,167,138,291,248,254,105,2
154,263,178,137,287,242,236,108,2
170,274,173,128,266,235,203,109,2
159,255,163,128,219,192,192,113,2
161,248,147,119,204,175,172,98,2
150,228,136,117,263,173,179,107,2
127,189,119,124,313,180,195,110,2
154,253,157,142,347,196,186,116,2
154,251,164,142,356,196,201,127,2
167,279,160,135,349,196,198,134,2
165,280,161,143,306,187,185,127,2
162,293,167,136,250,193,190,120,2
123,225,135,120,210,178,194,117,2
121,216,130,120,193,187,175,100,2
111,198,126,117,191,179,189,101,2
107,190,118,102,242,185,190,99,2
118,188,116,94,252,172,171,97,2
125,202,115,104,243,165,193,94,2
131,206,116,101,239,153,196,97,2
136,225,135,108,267,166,179,97,2
148,246,139,109,237,169,175,97,2
145,238,137,128,228,160,188,98,2
146,257,151,123,229,172,168,109,2
145,259,149,122,231,175,153,119,2
139,234,135,123,213,172,156,109,2
130,233,138,122,182,157,158,107,2
127,229,138,105,195,160,146,103,2
113,190,107,99,195,160,133,92,2
107,190,109,103,197,150,155,81,2
153,261,131,98,196,154,155,87,2
167,282,142,105,219,168,164,95,2
178,300,148,108,201,169,180,108,2
187,314,160,109,208,169,197,109,2
189,316,160,99,226,181,200,109,2
151,256,147,95,221,184,240,122,2
157,238,130,86,229,193,249,118,2
145,209,120,85,230,195,249,110,2
138,215,111,82,224,189,243,115,2
141,219,108,84,203,186,244,112,2
143,228,103,89,213,177,219,104,2
125,217,111,87,191,153,215,110,2
138,238,112,93,218,133,198,107,2
133,209,109,89,221,132,187,97,2
130,216,104,88,215,131,170,89,2
136,222,113,97,225,127,149,76,2
124,205,104,100,217,118,124,68,2
143,232,115,89,194,143,209,97,2
147,229,113,98,248,151,230,107,2
146,220,124,101,272,150,231,111,2
144,241,125,87,256,145,238,115,2
153,256,128,89,257,154,241,120,2
117,222,112,91,248,134,171,101,2
124,243,121,85,198,121,151,95,2
130,253,117,83,213,134,147,95,2
128,229,100,79,198,132,133,98,2
117,214,98,94,239,134,136,88,2
122,209,102,109,277,156,136,97,2
116,191,97,108,271,155,136,103,2
132,224,131,125,240,153,133,100,2
125,222,137,127,251,161,133,99,2
132,243,140,113,224,177,126,100,2
152,290,157,121,226,174,123,91,2
144,286,158,124,222,171,114,79,2
118,254,121,105,229,162,112,74,2
137,284,136,102,236,166,121,70,2
138,276,138,104,228,143,130,77,2
118,234,134,99,222,149,183,102,2
124,234,130,96,236,157,201,108,2
128,225,131,113,266,156,206,110,2
130,190,117,119,266,151,208,117,2
137,213,124,127,268,150,221,115,2
132,201,106,111,247,139,181,103,2
140,214,117,113,240,133,162,99,2
143,231,119,94,194,128,163,100,2
128,224,110,101,237,148,166,100,2
126,202,102,85,230,142,160,110,2
133,238,113,89,231,129,176,101,2
127,233,119,97,233,125,186,108,2
121,217,121,99,237,129,177,107,2
122,217,125,110,261,141,186,115,2
115,226,118,131,298,144,167,99,2
115,226,114,125,292,149,156,105,2
117,234,115,123,289,156,157,112,2
128,241,119,141,306,172,171,129,2
135,246,122,132,251,154,151,120,2
137,249,134,120,224,158,161,125,2
135,216,132,134,227,164,161,122,2
129,196,118,132,225,159,148,109,2
116,191,119,117,217,154,137,93,2
102,179,112,109,209,139,149,91,2
96,172,101,101,198,139,163,92,2
96,187,94,82,183,124,161,109,2
98,191,92,79,175,123,170,114,2
99,193,79,68,159,119,163,108,2
109,210,92,89,184,143,178,109,2
117,209,98,92,187,150,166,107,2
107,191,99,97,228,165,175,87,2
114,206,120,100,260,170,164,83,2
120,215,120,107,285,178,186,95,2
111,202,115,98,267,167,172,99,2
96,186,106,101,271,162,167,102,2
96,194,108,109,257,154,171,113,2
97,205,98,103,232,150,180,116,2
87,192,96,98,205,135,168,113,2
87,187,90,100,229,146,161,105,2
88,181,93,100,232,148,171,100,2
96,186,96,92,221,146,163,94,2
88,155,92,95,227,145,164,85,2
94,163,93,92,214,139,155,84,2
91,164,95,83,190,118,153,90,2
96,173,95,83,198,111,149,90,2
102,178,107,80,187,112,142,83,2
99,179,104,84,194,119,145,85,2
100,175,103,88,201,145,165,90,2
112,211,115,94,202,155,172,88,2
111,210,118,94,181,157,178,91,2
99,186,98,96,184,167,175,104,2
97,182,105,97,174,172,171,109,2
93,195,108,97,168,152,165,98,2
91,170,100,106,185,143,160,99,2
106,183,101,104,179,134,146,100,2
106,192,106,103,212,146,162,97,2
114,220,110,101,262,153,167,93,2
112,207,116,109,284,162,171,110,2
137,225,117,93,267,165,175,110,2
140,251,125,96,287,173,177,106,2
140,244,126,102,284,151,163,100,2
143,228,118,103,241,144,160,102,2
146,229,114,98,234,142,147,88,2
114,204,108,98,238,140,146,99,2
96,162,94,92,225,129,150,103,2
96,166,89,84,209,128,173,102,2
94,161,92,77,214,132,183,104,2
95,156,87,74,200,122,187,103,2
99,151,92,79,212,121,201,97,2
96,146,89,77,208,122,194,93,2
97,154,89,86,215,134,170,90,2
85,142,78,98,230,122,149,85,2
94,153,81,106,242,132,149,82,2
112,196,91,116,247,132,161,82,2
121,200,95,120,303,171,187,89,2
135,227,102,113,293,162,191,89,2
134,229,100,105,280,156,190,88,2
136,228,100,91,269,154,184,90,2
130,203,92,80,262,163,160,86,2
151,239,128,94,186,139,162,97,2
146,221,127,97,193,147,174,100,2
148,227,132,99,174,145,203,113,2
139,241,136,100,165,142,209,114,2
135,235,134,100,168,125,200,112,2
98,193,97,84,163,105,177,102,2
85,176,93,83,194,122,171,98,2
99,178,98,82,229,139,141,91,2
119,197,110,97,261,156,138,107,2
110,192,110,95,255,160,144,106,2
112,193,113,95,261,161,140,105,2
115,200,116,95,228,143,141,108,2
112,203,115,99,257,141,139,103,2
85,156,105,88,245,129,132,83,2
90,165,106,89,244,126,124,78,2
90,161,108,84,243,127,123,72,2
93,156,108,91,315,148,112,69,2
82,139,99,89,273,150,133,71,2
104,191,102,95,346,251,135,96,2
119,196,105,98,355,263,135,102,2
122,201,101,100,360,269,133,97,2
144,235,128,98,343,296,141,99,2
146,236,127,94,338,290,124,104,2
143,228,136,93,243,215,129,89,2
140,247,141,104,249,214,131,84,2
142,266,152,113,268,222,139,94,2
116,236,128,112,234,181,145,98,2
113,238,127,113,234,181,163,89,2
115,228,124,114,253,175,169,92,2
107,198,111,103,231,166,171,96,2
98,161,98,90,196,139,166,91,2
97,161,101,89,177,123,153,84,2
98,171,105,94,189,125,146,99,2
91,158,89,88,169,108,130,91,2
96,169,91,87,211,139,151,100,2
110,200,104,101,231,158,154,107,2
118,211,105,99,235,170,162,108,2
115,197,101,92,257,183,149,98,2
106,198,106,89,267,196,161,109,2
101,189,112,87,244,187,157,101,2
91,161,95,81,267,196,161,99,2
81,139,87,80,298,204,157,99,2
92,148,88,78,277,194,165,98,2
104,164,93,76,293,192,170,85,2
95,156,79,76,296,174,170,83,2
94,152,78,74,274,158,174,77,2
112,175,86,72,243,148,175,78,2
113,170,88,82,241,149,175,77,2
113,165,98,87,202,137,175,77,2
116,166,103,91,206,143,167,86,2
123,178,110,82,202,146,153,83,2
110,165,110,86,193,128,158,89,2
99,158,108,85,207,128,150,98,2
83,132,88,77,216,132,147,100,2
88,134,84,76,198,136,159,95,2
77,128,84,85,199,133,161,99,2
71,119,84,96,241,139,192,100,2
74,126,85,88,223,132,187,95,2
76,128,85,90,224,126,184,96,2
74,134,91,101,267,144,175,93,2
87,138,90,102,261,140,177,89,2
91,144,84,89,230,137,150,89,2
92,149,84,95,248,145,164,95,2
101,154,88,100,273,153,165,95,2
108,153,84,94,234,129,171,102,2
95,139,84,85,230,123,169,102,2
91,136,86,89,246,129,158,92,2
112,196,99,89,230,125,147,85,2
106,192,96,84,213,142,133,91,2
101,197,100,80,217,141,116,82,2
113,223,103,108,234,144,142,92,2
129,231,106,107,210,142,149,96,2
113,186,98,111,215,131,151,98,2
111,187,101,109,189,100,152,96,2
106,184,96,108,186,110,162,99,2
97,154,89,82,168,105,144,90,2
74,167,92,84,181,111,143,95,2
67,161,87,88,195,124,148,95,2
123,216,117,106,281,176,166,105,2
131,224,138,116,288,185,166,120,2
131,226,137,114,290,192,164,117,2
136,211,133,114,278,187,151,112,2
145,223,129,105,268,184,143,107,2
102,172,105,87,187,148,138,93,2
94,160,76,66,187,137,134,78,2
113,197,95,88,195,143,140,83,2
121,202,95,87,201,144,152,84,2
111,185,102,86,191,137,155,84,2
111,186,102,102,227,131,166,99,2
110,186,104,104,212,132,165,106,2
89,147,94,91,197,118,168,106,2
77,147,93,94,240,127,170,102,2
74,144,84,92,242,139,173,106,2
72,138,80,78,198,139,154,88,2
108,193,81,78,220,164,153,71,2
112,212,78,81,227,163,149,87,2
82,146,93,73,164,105,168,88,2
86,144,96,88,163,135,155,90,2
86,146,97,86,167,146,156,92,2
79,137,94,89,175,149,160,92,2
75,128,88,86,167,141,152,86,2
76,138,75,90,178,145,153,87,2
62,127,66,82,159,122,147,85,2
72,122,66,79,155,110,149,84,2
75,125,69,80,151,109,144,88,2
76,132,82,93,172,113,157,89,2
74,124,84,87,194,130,168,93,2
78,130,93,81,203,132,169,91,2
70,131,94,83,216,146,180,94,2
74,136,99,88,209,147,174,93,2
80,149,95,81,186,140,163,91,2
82,147,93,76,171,122,144,80,2
80,144,90,79,194,130,145,85,2
87,161,90,87,184,121,126,80,2
87,169,94,90,219,143,149,81,2
95,180,101,85,234,161,159,84,2
110,205,113,94,238,167,182,94,2
110,207,121,98,254,176,186,99,2
114,201,132,103,290,184,189,105,2
118,203,139,106,305,187,172,120,2
113,177,130,110,315,202,203,120,2
117,177,150,122,317,204,200,115,2
123,183,170,138,289,198,214,119,2
136,216,178,177,302,209,247,142,2
138,227,200,200,286,198,283,139,2
139,232,204,209,275,167,287,138,2
144,240,200,212,287,172,290,139,2
143,236,198,204,308,172,289,138,2
130,197,185,172,267,157,283,116,2
139,187,167,163,290,174,267,124,2
139,201,168,149,291,180,248,122,2
137,223,167,147,302,190,232,126,2
151,241,144,143,295,191,223,117,2
143,239,144,140,291,185,191,121,2
141,256,147,109,242,175,184,101,2
140,251,145,111,267,181,161,101,2
120,205,132,99,253,179,167,94,2
100,181,131,94,239,170,158,99,2
105,187,128,88,228,163,156,87,2
88,157,105,105,251,151,152,84,2
85,145,98,102,241,155,153,82,2
89,159,86,92,210,134,175,98,2
87,167,92,94,203,130,183,101,2
83,171,83,90,206,134,178,106,2
92,170,86,67,194,134,153,106,2
84,161,85,64,159,118,177,110,2
81,151,86,73,169,114,153,94,2
81,140,79,70,190,123,158,95,2
90,163,77,83,227,130,163,88,2
84,175,76,93,218,133,163,86,2
92,208,90,95,272,165,160,90,2
100,216,91,91,276,162,150,89,2
104,225,95,91,274,160,159,81,2
89,170,98,80,174,97,141,86,2
86,178,99,80,159,89,150,92,2
82,156,83,88,197,100,155,82,2
74,163,109,89,193,106,136,87,2
76,175,112,91,183,113,150,89,2
109,192,92,88,208,140,179,99,2
105,182,97,93,223,141,162,94,2
97,173,93,88,210,136,164,92,2
98,190,112,90,204,125,156,86,2
64,111,62,73,173,115,146,91,2
69,119,67,71,157,110,151,91,2
75,128,76,79,189,108,157,87,2
78,144,89,88,204,123,178,108,2
69,137,90,88,188,121,153,95,2
73,149,94,84,193,107,146,90,2
75,153,93,85,219,126,160,92,2
84,158,97,87,204,135,152,91,2
83,147,74,88,198,126,121,76,2
88,161,81,89,214,128,120,76,2
75,152,85,96,229,133,137,72,2
92,164,90,98,208,137,130,69,2
91,165,96,94,217,142,130,69,2
94,169,95,98,222,142,128,69,2
89,155,94,95,221,143,149,91,2
88,161,94,93,185,122,143,88,2
92,174,97,98,214,137,163,92,2
99,181,97,100,263,138,169,90,2
123,225,116,107,261,134,168,83,2
620,223,91,58,41,53,91,384,3
683,246,90,60,42,54,90,375,3
677,260,101,61,47,65,92,353,3
698,287,107,63,49,64,100,340,3
680,288,113,69,50,67,104,336,3
718,284,113,68,51,66,94,305,3
678,254,114,69,55,77,98,381,3
688,230,101,67,50,68,96,385,3
712,216,111,70,50,66,85,378,3
668,199,104,65,48,61,81,381,3
530,153,72,44,29,62,86,301,3
515,152,66,37,34,60,86,305,3
494,143,60,37,34,54,92,337,3
517,167,76,44,41,56,94,389,3
486,166,75,43,43,52,91,427,3
514,172,81,49,46,51,90,432,3
515,153,75,49,43,57,91,424,3
548,157,82,54,45,58,91,418,3
531,160,79,50,41,57,88,385,3
589,156,86,53,45,56,76,342,3
622,164,88,54,41,60,75,343,3
656,176,95,59,43,55,84,341,3
648,181,92,55,41,50,89,346,3
667,166,87,53,40,50,83,341,3
656,180,88,53,39,66,89,345,3
734,183,89,52,43,66,96,379,3
696,183,99,56,43,69,94,373,3
668,177,100,58,42,74,88,367,3
628,187,101,61,46,76,90,401,3
614,172,99,62,43,65,91,389,3
478,183,109,69,43,66,92,349,3
470,181,98,61,41,65,95,386,3
499,196,106,64,42,62,99,397,3
501,199,110,62,41,62,101,352,3
489,201,110,59,40,59,97,360,3
525,184,99,47,38,55,94,368,3
530,178,100,48,37,54,99,391,3
538,174,92,41,36,57,96,378,3
527,156,81,40,31,53,94,360,3
516,152,77,40,33,52,94,376,3
486,169,84,53,38,61,112,377,3
589,186,90,57,40,62,111,344,3
580,210,102,64,40,59,111,346,3
589,211,101,66,42,59,113,348,3
664,218,104,70,45,65,121,340,3
678,203,97,61,41,56,101,324,3
628,187,85,57,41,59,92,296,3
644,159,76,52,43,61,88,297,3
714,174,82,52,44,58,85,326,3
663,175,79,48,40,52,74,330,3
655,181,84,49,42,52,74,331,3
629,185,86,51,40,45,76,340,3
662,192,95,59,44,59,102,414,3
585,197,101,61,40,59,104,426,3
643,199,113,69,45,63,109,421,3
685,200,117,69,44,67,112,463,3
760,236,133,74,47,76,109,465,3
731,237,126,68,47,68,86,396,3
763,216,122,68,50,69,83,353,3
721,234,120,61,47,66,77,366,3
667,232,114,63,50,64,74,324,3
581,191,97,62,50,69,91,316,3
610,182,97,66,52,71,116,341,3
575,198,105,70,55,74,126,375,3
578,179,104,70,55,75,129,377,3
571,176,100,68,51,78,126,367,3
615,188,99,61,47,65,117,357,3
546,177,93,57,44,66,95,310,3
565,170,79,47,39,62,85,304,3
534,151,65,44,39,62,83,277,3
559,156,75,51,42,63,101,303,3
557,164,83,58,44,64,101,337,3
586,181,89,57,41,54,102,364,3
560,173,91,61,39,56,102,339,3
568,178,95,61,41,59,101,335,3
560,176,86,55,38,53,89,325,3
558,164,83,52,39,57,90,297,3
567,145,72,49,43,58,86,286,3
590,163,77,48,46,58,82,304,3
621,171,79,50,45,59,83,300,3
613,172,83,53,48,71,89,309,3
665,219,97,56,50,70,85,305,3
689,222,99,53,47,69,86,291,3
665,213,97,53,49,71,91,274,3
664,222,98,55,48,72,86,274,3
674,223,95,54,47,59,79,247,3
589,174,73,47,41,55,77,257,3
536,189,83,55,43,59,92,315,3
551,195,84,55,38,56,87,301,3
540,191,87,54,38,54,87,303,3
529,188,92,54,35,56,97,308,3
514,197,101,60,35,60,101,318,3
485,180,95,59,34,58,87,324,3
510,182,93,58,34,63,94,361,3
466,177,95,59,34,60,96,368,3
584,202,95,57,33,57,85,387,3
658,205,92,51,32,53,81,389,3
732,218,93,52,32,51,84,344,3
760,216,94,53,37,51,85,355,3
804,222,88,48,34,47,81,350,3
776,223,93,55,41,50,81,334,3
753,236,101,59,42,53,84,337,3
732,268,117,63,46,52,84,346,3
686,261,114,62,44,46,77,315,3
701,249,110,65,45,50,80,328,3
653,228,103,58,39,46,76,324,3
663,223,106,68,42,55,93,301,3
619,181,89,64,39,55,91,292,3
642,202,102,66,43,73,102,324,3
599,210,108,64,44,74,108,314,3
611,211,115,71,46,76,112,298,3
583,189,99,57,41,66,93,312,3
630,179,99,57,43,71,103,390,3
572,160,85,52,39,56,94,373,3
569,148,80,54,37,56,91,380,3
581,188,80,51,38,55,93,402,3
605,193,84,56,39,58,106,410,3
548,205,92,58,38,55,109,337,3
586,207,97,64,41,61,108,324,3
616,204,97,63,41,58,103,309,3
631,165,85,59,38,58,100,296,3
582,166,84,56,36,57,89,269,3
589,146,68,51,37,54,68,251,3
590,144,62,42,34,47,60,232,3
549,160,78,49,37,48,72,277,3
526,158,80,46,38,47,85,290,3
551,156,81,48,38,45,86,290,3
551,175,94,48,36,54,96,306,3
578,173,97,53,37,56,102,314,3
572,158,87,46,33,55,101,290,3
536,168,94,51,39,60,92,275,3
554,180,93,48,39,60,92,292,3
535,158,83,48,41,59,85,294,3
490,167,78,45,39,57,86,300,3
493,161,76,46,42,56,91,286,3
559,174,84,52,38,53,92,311,3
517,161,87,53,40,58,89,300,3
571,179,94,58,38,50,99,322,3
569,180,98,59,38,50,105,331,3
559,183,95,58,37,53,93,324,3
495,158,83,53,38,53,91,324,3
490,152,80,54,41,51,99,342,3
491,139,70,50,41,55,90,326,3
471,123,65,51,44,59,84,320,3
517,130,68,54,45,56,85,356,3
502,137,67,50,43,53,102,402,3
485,152,74,50,41,58,96,397,3
422,151,75,49,41,53,97,385,3
468,172,85,48,38,51,91,401,3
395,171,87,44,37,50,90,367,3
400,168,86,45,35,48,71,318,3
441,166,86,48,36,45,69,365,3
457,159,88,48,39,45,74,369,3
445,141,84,47,40,44,80,367,3
487,155,85,51,39,47,82,410,3
534,158,85,48,39,49,81,389,3
531,153,79,43,37,48,92,367,3
535,158,86,46,34,47,91,364,3
494,149,77,44,31,45,90,369,3
520,145,78,42,31,44,101,326,3
525,168,87,47,33,46,99,325,3
535,166,96,55,38,51,102,310,3
529,172,94,55,40,59,100,299,3
554,183,99,58,43,66,104,314,3
528,178,95,56,45,67,95,327,3
561,156,87,55,45,67,97,348,3
570,160,76,47,41,67,87,332,3
607,155,80,46,39,63,96,372,3
647,164,78,47,40,60,92,343,3
639,172,93,60,40,60,97,344,3
621,173,96,60,41,62,96,336,3
679,193,107,64,45,59,98,366,3
725,213,108,65,45,60,108,361,3
740,214,113,68,45,59,111,385,3
803,223,108,60,42,56,105,377,3
780,243,110,63,40,62,108,361,3
741,224,98,60,36,59,105,350,3
657,208,94,57,36,53,85,315,3
647,201,88,52,34,53,80,275,3
597,191,83,51,42,57,91,292,3
605,160,78,47,45,52,86,378,3
636,202,101,56,46,56,95,400,3
700,200,97,55,45,59,97,421,3
661,216,108,61,47,64,99,436,3
675,216,106,62,44,77,102,445,3
645,247,114,68,43,78,108,373,3
596,212,95,62,41,75,112,356,3
568,228,105,67,47,76,115,392,3
563,215,95,61,43,71,109,364,3
583,213,102,66,43,60,111,370,3
581,188,101,60,40,57,107,377,3
564,191,105,61,43,61,110,364,3
514,172,99,58,37,61,103,324,3
519,161,95,57,40,67,106,319,3
461,179,98,50,38,62,93,291,3
458,184,104,60,42,65,95,296,3
460,192,104,59,46,65,87,303,3
551,202,102,61,52,80,91,284,3
579,221,109,66,52,76,88,316,3
584,201,99,65,50,75,94,337,3
632,214,103,65,47,74,94,328,3
616,212,103,67,44,70,89,319,3
574,204,104,69,44,67,84,331,3
553,219,111,70,44,73,101,352,3
515,222,115,73,49,75,99,331,3
488,198,100,65,51,73,95,343,3
485,204,102,65,52,78,89,340,3
477,198,97,60,47,63,88,335,3
497,186,95,56,45,52,82,335,3
538,195,93,52,44,49,78,378,3
563,202,99,55,46,60,101,392,3
619,211,103,55,43,57,111,396,3
615,217,109,59,47,63,112,386,3
596,201,100,58,48,63,103,350,3
565,186,97,59,48,66,109,340,3
531,183,94,58,45,59,93,316,3
544,150,81,55,45,60,93,302,3
508,148,83,51,42,54,89,302,3
578,149,84,50,39,56,95,351,3
588,151,82,47,38,57,91,337,3
597,153,79,46,39,58,88,341,3
572,169,81,42,36,56,80,357,3
608,167,72,42,38,57,99,397,3
577,156,74,46,42,66,102,361,3
576,160,77,50,41,62,102,322,3
583,148,74,49,39,59,114,344,3
528,126,83,60,44,62,113,325,3
543,126,82,60,43,64,102,270,3
499,129,82,59,41,65,99,276,3
454,116,79,58,41,64,98,290,3
440,131,83,62,42,67,92,280,3
533,145,78,53,37,62,89,295,3
469,145,76,51,35,61,91,348,3
467,178,86,54,37,59,106,362,3
503,190,83,52,36,59,111,377,3
470,184,84,46,38,55,104,383,3
477,212,99,55,44,62,112,378,3
505,217,106,60,46,64,121,357,3
514,188,95,54,43,57,101,332,3
532,183,96,55,42,59,94,318,3
590,178,91,57,42,61,100,333,3
558,145,82,54,37,56,98,345,3
555,141,79,50,33,51,80,318,3
560,144,82,56,39,54,86,310,3
554,135,87,60,41,54,86,328,3
487,158,96,59,41,51,81,308,3
431,153,94,58,41,48,80,307,3
452,164,102,62,42,53,94,315,3
452,160,97,55,35,45,87,309,3
432,161,94,54,37,46,93,315,3
543,162,97,53,37,49,102,336,3
614,189,113,73,48,65,111,334,3
595,185,106,69,51,64,103,323,3
644,207,121,76,54,69,109,332,3
695,229,124,76,53,70,109,305,3
709,259,131,87,57,78,122,332,3
701,255,117,72,47,67,112,324,3
718,267,131,81,51,75,127,352,3
811,286,132,83,52,74,137,414,3
800,272,131,81,51,70,135,421,3
832,297,142,80,52,64,119,363,3
853,299,155,84,54,70,122,370,3
849,285,148,76,48,62,124,381,3
754,256,137,69,44,67,110,319,3
744,270,141,71,46,73,119,343,3
643,201,115,59,42,71,122,350,3
608,190,95,53,40,66,118,339,3
617,192,93,54,42,71,103,315,3
620,195,94,54,42,66,111,341,3
621,179,85,52,38,61,101,307,3
609,185,95,57,42,62,95,304,3
692,207,101,65,47,67,112,372,3
691,206,96,61,47,64,106,435,3
669,205,98,63,47,63,106,439,3
737,212,101,66,50,63,106,454,3
761,224,94,62,48,64,100,459,3
638,186,85,52,47,57,81,414,3
613,183,90,60,47,56,86,341,3
582,200,101,60,46,55,85,306,3
449,196,107,58,46,57,90,326,3
418,188,111,61,46,67,98,333,3
442,194,108,60,44,68,96,335,3
460,219,109,58,42,64,95,342,3
440,200,97,55,43,64,84,337,3
421,222,100,57,41,68,85,319,3
414,207,94,54,41,55,84,295,3
472,204,97,57,40,51,83,278,3
469,188,96,53,41,53,81,268,3
514,203,100,61,45,71,104,303,3
536,177,97,63,49,68,101,310,3
548,181,100,62,48,67,96,309,3
502,195,99,61,50,69,98,312,3
507,207,105,64,50,69,102,315,3
541,194,98,57,46,54,92,286,3
599,212,97,56,43,52,92,255,3
620,213,98,58,44,55,101,297,3
617,211,102,59,42,53,103,295,3
612,190,91,57,42,55,99,288,3
621,213,97,60,43,62,101,286,3
574,205,88,54,40,61,103,292,3
520,210,82,51,37,58,94,264,3
596,207,77,51,43,61,101,283,3
618,203,77,48,41,62,106,313,3
567,174,77,48,41,56,105,320,3
607,156,75,47,40,54,96,315,3
624,154,85,48,42,55,95,333,3
562,144,84,46,37,50,85,306,3
550,181,95,54,39,56,83,284,3
570,194,94,52,38,51,68,294,3
500,203,102,58,43,57,80,295,3
489,192,92,59,42,56,82,263,3
521,212,95,60,44,58,87,349,3
498,192,88,57,40,47,84,353,3
463,199,90,58,43,50,88,391,3
547,212,91,58,41,48,84,422,3
647,294,116,70,47,63,94,465,3
705,301,121,70,45,62,92,441,3
735,321,133,75,52,67,102,438,3
769,341,139,80,52,66,95,397,3
793,363,151,85,57,75,99,385,3
767,315,135,75,52,65,84,324,3
689,306,133,78,53,68,104,287,3
684,302,123,74,52,67,100,296,3
661,273,115,69,48,69,103,310,3
588,230,100,61,43,58,100,296,3
596,224,105,69,43,58,113,315,3
649,223,102,70,46,60,103,316,3
616,200,96,68,42,57,95,289,3
633,227,104,70,47,59,96,266,3
656,224,102,68,46,58,100,280,3
577,228,99,58,47,58,91,277,3
540,226,98,50,43,55,79,296,3
598,233,103,51,44,56,84,306,3
612,217,103,47,42,52,84,301,3
630,222,116,64,47,74,92,282,3
631,204,111,69,48,77,92,268,3
610,216,129,78,53,83,112,331,3
555,208,124,76,51,81,112,330,3
586,207,118,79,52,89,116,349,3
513,219,109,71,51,74,105,356,3
562,229,112,68,51,74,111,377,3
619,220,101,63,52,71,99,312,3
782,285,123,69,56,78,101,352,3
742,283,130,70,58,75,97,338,3
746,271,124,63,53,70,97,329,3
735,274,127,64,56,67,87,316,3
714,272,123,60,50,60,80,311,3
705,245,117,59,48,60,86,284,3
695,240,113,57,44,51,88,287,3
759,278,130,67,48,55,91,283,3
753,279,132,69,48,58,95,301,3
740,311,144,78,57,66,90,329,3
677,277,138,75,56,66,81,313,3
749,293,140,76,56,66,76,341,3
687,253,129,74,55,65,75,341,3
718,255,134,73,50,64,72,330,3
693,212,120,62,44,63,76,344,3
685,223,119,62,43,63,100,378,3
595,192,110,58,44,64,102,382,3
634,200,102,50,44,65,106,405,3
608,213,92,51,49,68,124,443,3
593,208,85,49,45,66,136,458,3
533,214,88,53,46,64,129,478,3
530,213,84,51,43,60,130,460,3
491,237,94,56,42,61,132,435,3
481,212,95,62,40,59,116,413,3
582,211,98,63,41,53,99,359,3
611,206,96,62,42,57,106,328,3
621,206,96,63,43,57,106,363,3
646,191,93,63,45,61,108,396,3
657,183,91,55,42,59,107,377,3
701,207,99,59,42,63,131,420,3
645,186,84,53,40,62,116,402,3
655,196,92,55,44,71,118,385,3
655,199,89,53,45,74,107,383,3
625,204,89,56,47,74,115,404,3
514,190,87,52,47,73,87,382,3
497,195,92,52,44,69,88,372,3
546,192,94,58,41,64,92,427,3
512,181,102,64,39,59,104,418,3
616,273,137,80,47,67,99,419,3
638,281,139,81,47,63,107,419,3
697,290,143,82,51,71,107,443,3
645,287,136,75,51,70,102,388,3
663,279,129,69,47,65,91,367,3
597,204,98,47,38,56,84,326,3
626,176,89,47,41,58,79,311,3
623,147,80,49,43,55,77,295,3
648,187,103,61,53,65,83,281,3
635,183,104,63,53,66,83,322,3
634,181,102,62,53,69,85,347,3
602,200,111,63,52,69,98,406,3
594,218,117,66,51,73,102,426,3
565,193,100,58,41,60,93,421,3
545,188,96,55,41,62,98,411,3
572,176,88,54,39,59,119,427,3
574,162,76,50,38,61,112,399,3
602,151,75,47,37,55,116,412,3
589,140,76,48,35,62,118,421,3
606,171,83,51,36,61,115,404,3
587,179,83,52,36,60,97,413,3
547,173,79,51,37,60,91,373,3
528,169,77,50,42,67,92,333,3
626,197,87,51,45,67,93,344,3
677,175,81,48,45,68,94,343,3
649,167,79,44,44,67,87,314,3
713,175,86,53,46,68,91,340,3
724,174,83,52,43,71,87,356,3
692,153,82,54,42,68,85,366,3
642,153,84,54,44,68,81,376,3
640,187,106,67,51,77,96,371,3
605,202,109,64,50,74,94,380,3
575,229,111,65,49,66,85,380,3
500,222,103,62,47,63,80,357,3
568,224,103,63,46,66,101,413,3
596,191,88,56,44,63,95,403,3
607,184,81,54,41,62,97,390,3
641,170,86,55,42,63,101,374,3
723,186,90,57,45,65,101,381,3
685,187,88,55,43,60,93,328,3
680,197,92,55,45,57,91,330,3
658,189,89,54,46,66,91,323,3
706,225,94,63,53,70,108,368,3
657,221,99,67,57,76,123,382,3
654,233,109,71,58,78,121,391,3
674,226,100,68,54,78,119,401,3
646,229,105,69,54,72,117,413,3
515,178,94,60,46,60,100,366,3
494,183,87,57,43,57,94,366,3
497,175,82,54,44,55,87,345,3
457,194,92,62,48,58,85,323,3
484,197,92,63,49,61,80,286,3
539,201,91,61,49,61,82,301,3
561,195,91,58,44,58,81,314,3
611,225,95,61,42,59,83,336,3
601,209,89,55,41,55,81,341,3
621,229,97,55,40,49,84,381,3
617,241,98,54,39,51,81,368,3
585,239,100,56,41,48,87,328,3
528,199,90,51,42,46,84,290,3
597,210,85,47,40,54,85,306,3
595,190,79,51,42,63,96,277,3
577,180,82,54,42,64,100,309,3
612,192,90,54,41,64,93,344,3
647,228,106,56,40,65,104,369,3
598,217,106,55,36,56,103,364,3
612,209,105,51,36,47,99,388,3
569,198,106,50,36,43,95,347,3
579,189,100,49,34,41,88,305,3
581,149,90,52,38,44,85,303,3
600,162,97,58,42,54,82,297,3
571,165,95,57,40,53,86,292,3
592,166,87,55,40,57,86,306,3
567,158,80,52,42,58,90,315,3
522,170,78,50,40,55,79,320,3
491,162,75,49,39,48,77,308,3
529,199,75,49,38,52,72,278,3
524,214,92,52,38,50,75,268,3
496,229,98,53,40,52,73,298,3
516,233,112,64,49,70,113,305,3
535,237,112,60,48,74,117,306,3
496,201,114,60,47,71,115,301,3
490,190,102,57,47,70,112,330,3
572,184,100,58,47,73,118,312,3
525,162,87,52,39,56,92,294,3
576,162,94,60,41,52,98,321,3
560,161,92,60,42,53,105,337,3
578,147,93,62,44,54,105,306,3
548,149,93,60,40,48,99,304,3
564,171,94,55,38,45,91,286,3
494,182,85,46,34,39,79,245,3
510,199,85,47,36,44,68,225,3
530,202,90,44,37,46,78,251,3
481,194,86,45,37,46,72,248,3
512,185,79,43,40,46,73,268,3
488,178,78,40,40,49,80,284,3
504,175,82,44,39,42,79,283,3
478,179,77,43,36,51,82,277,3
532,211,88,45,35,52,88,292,3
498,209,88,45,34,54,96,296,3
569,219,102,56,40,58,103,317,3
538,205,97,55,39,59,105,323,3
529,212,100,58,38,49,97,322,3
519,173,90,57,41,51,96,321,3
558,181,99,61,40,52,99,308,3
511,154,83,54,36,47,87,281,3
544,188,96,57,38,49,96,292,3
539,170,90,55,43,62,100,307,3
474,165,90,50,40,64,101,279,3
413,151,83,48,41,65,112,289,3
418,155,84,49,41,65,112,302,3
406,133,71,45,39,65,106,283,3
443,145,81,45,36,58,107,286,3
467,162,84,47,36,54,106,336,3
464,166,90,48,34,51,83,330,3
445,179,94,54,40,56,90,318,3
403,163,91,54,47,66,87,319,3
485,173,91,55,50,66,87,299,3
483,163,89,57,49,66,87,249,3
526,162,83,58,52,72,89,246,3
517,160,72,48,49,67,85,234,3
526,169,75,48,45,57,84,254,3
459,167,74,49,42,55,78,256,3
482,178,76,50,45,54,80,291,3
458,173,76,49,42,43,78,283,3
493,186,86,52,40,45,80,300,3
483,183,86,51,37,48,77,299,3
549,191,92,53,40,51,80,352,3
546,179,88,50,38,52,72,326,3
545,177,87,48,36,52,70,332,3
604,148,79,48,39,55,78,356,3
607,145,80,47,38,53,85,338,3
577,129,69,45,35,50,86,293,3
557,155,75,47,33,48,85,313,3
581,170,81,50,36,48,103,369,3
489,175,84,47,36,48,103,341,3
506,188,81,50,39,49,102,352,3
452,181,79,46,37,47,101,352,3
447,165,75,47,42,61,114,340,3
400,166,81,48,40,64,101,260,3
407,162,76,47,37,60,94,253,3
471,185,91,49,41,60,103,350,3
467,187,91,50,40,61,99,351,3
540,195,89,47,36,57,90,364,3
586,183,77,44,37,54,93,381,3
635,203,89,48,39,60,90,388,3
607,179,82,43,35,56,79,302,3
597,170,82,47,39,57,83,289,3
566,169,87,48,40,53,82,283,3
527,172,92,52,43,61,88,332,3
463,144,81,50,42,65,87,334,3
442,162,84,59,43,71,91,324,3
445,175,83,57,42,69,88,328,3
449,175,84,57,40,64,85,315,3
499,194,84,56,36,55,76,256,3
500,199,90,59,37,48,77,255,3
570,198,85,52,34,40,75,305,3
585,195,87,51,34,41,76,306,3
628,187,84,52,33,41,80,407,3
666,172,80,55,37,51,90,454,3
733,198,89,58,35,56,93,462,3
694,190,92,59,36,58,94,456,3
676,187,93,61,36,59,98,470,3
631,195,95,61,39,64,96,382,3
623,214,102,58,36,60,89,341,3
534,196,95,52,37,59,89,332,3
566,193,88,51,36,57,82,313,3
577,204,94,53,43,65,82,277,3
554,211,95,54,41,62,77,279,3
512,217,110,62,51,70,92,271,3
546,228,114,64,53,67,95,276,3
576,234,121,70,54,73,127,387,3
605,240,122,70,50,67,134,436,3
649,240,128,73,53,69,135,452,3
625,233,118,68,43,58,126,439,3
662,219,111,65,40,61,127,479,3
598,211,106,61,42,58,104,387,3
589,203,106,62,42,55,94,332,3
622,200,106,58,41,55,95,327,3
738,202,107,60,46,56,94,372,3
741,223,114,63,48,57,90,309,3
743,233,116,62,48,55,81,321,3
749,238,115,63,48,60,75,316,3
721,225,108,68,52,66,92,322,3
660,213,104,66,48,63,92,276,3
665,197,106,71,50,60,99,294,3
663,210,108,71,50,58,96,303,3
653,231,115,71,50,62,103,309,3
672,228,110,66,48,62,89,282,3
661,223,114,70,50,66,103,273,3
627,231,108,64,47,63,94,279,3
661,225,110,63,44,65,100,299,3
664,210,109,61,45,63,97,302,3
588,220,113,59,44,54,95,331,3
610,236,112,58,43,52,91,379,3
601,225,107,58,42,53,89,374,3
592,209,108,64,44,62,100,345,3
602,194,104,64,41,62,106,362,3
659,185,104,66,41,63,109,335,3
645,175,94,62,40,62,105,287,3
703,207,107,61,41,59,104,287,3
711,222,104,56,40,52,95,316,3
702,220,98,52,38,50,84,310,3
700,237,99,53,39,55,88,343,3
634,222,103,56,39,55,83,338,3
628,205,103,59,40,68,97,385,3
599,204,98,58,39,66,93,358,3
589,203,103,62,42,64,98,364,3
551,189,97,60,42,62,95,342,3
559,198,99,58,42,62,93,359,3
479,187,89,54,41,57,80,314,3
445,164,86,51,41,54,80,332,3
487,185,85,55,42,53,87,367,3
467,191,97,59,41,53,83,381,3
483,181,89,61,42,59,90,374,3
458,175,96,67,43,61,93,356,3
488,170,93,69,45,63,91,337,3
482,147,89,64,45,63,83,323,3
507,131,73,56,41,60,81,328,3
613,164,85,56,39,57,70,331,3
634,173,88,54,44,55,66,336,3
624,176,86,52,42,50,66,328,3
584,186,99,54,41,54,64,290,3
566,194,105,57,42,58,69,265,3
466,191,103,55,44,60,106,308,3
451,179,92,49,38,55,110,311,3
414,179,96,49,38,57,111,324,3
399,162,87,50,41,63,109,341,3
428,166,85,49,43,67,119,350,3
387,144,82,50,41,62,87,293,3
437,156,86,50,42,64,82,289,3
442,163,86,53,46,67,88,291,3
491,172,88,53,48,67,102,345,3
482,160,89,55,49,67,100,331,3
513,166,88,54,49,68,111,370,3
502,152,84,53,48,68,117,391,3
557,151,80,52,44,64,116,393,3
544,139,77,51,42,64,115,349,3
613,154,76,50,40,61,109,378,3
599,165,86,54,45,65,112,354,3
584,171,90,54,45,67,108,329,3
560,197,108,58,47,69,104,323,3
541,196,109,56,42,65,95,308,3
575,202,107,59,43,63,95,271,3
599,194,98,56,39,60,84,282,3
623,199,100,59,40,57,82,290,3
640,174,85,54,39,55,88,318,3
689,199,103,64,42,54,91,306,3
648,206,115,65,42,54,83,312,3
646,215,121,67,41,51,78,305,3
623,216,118,65,41,55,92,339,3
602,215,118,68,43,57,89,324,3
553,204,103,59,42,54,80,330,3
492,185,89,57,42,53,81,329,3
470,190,88,57,41,55,85,344,3
629,190,90,57,42,57,81,336,3
675,200,91,56,44,60,85,377,3
727,202,87,52,40,59,88,367,3
757,217,91,51,40,69,106,385,3
746,203,88,50,41,66,104,366,3
620,194,89,49,39,62,93,352,3
583,188,91,50,37,58,103,313,3
542,206,110,57,38,60,104,340,3
577,215,108,58,36,52,98,385,3
639,224,111,60,39,54,99,406,3
641,227,110,61,37,53,106,391,3
649,231,115,66,44,59,95,372,3
676,221,102,62,47,61,107,374,3
654,203,99,60,47,59,101,327,3
655,228,98,59,49,56,107,323,3
630,231,103,64,50,56,104,327,3
608,250,109,66,52,65,105,319,3
549,244,107,66,51,61,98,312,3
595,234,110,67,52,62,97,325,3
570,207,105,70,49,67,103,346,3
623,230,110,70,55,77,109,383,3
668,218,101,66,49,66,107,405,3
664,222,106,67,51,68,109,421,3
615,253,114,73,52,71,121,387,3
594,264,129,73,57,78,108,356,3
594,250,121,68,53,68,102,330,3
595,240,114,62,49,64,97,326,3
615,228,107,60,47,65,91,288,3
620,194,100,55,47,71,76,293,3
637,176,88,54,43,63,90,302,3
663,196,98,61,45,64,94,300,3
622,193,99,62,44,67,102,323,3
636,190,100,63,45,71,99,320,3
639,216,97,63,45,67,106,318,3
622,230,95,58,40,63,95,307,3
576,210,87,56,39,65,89,325,3
572,203,85,57,42,64,84,295,3
558,205,84,56,45,62,90,300,3
566,174,81,53,46,57,79,311,3
563,154,82,54,47,57,78,317,3
566,151,81,49,46,51,78,274,3
549,155,91,51,46,50,82,267,3
582,173,111,57,46,49,80,259,3
534,189,113,56,44,47,82,312,3
517,182,110,57,44,49,86,335,3
479,179,107,56,43,50,86,368,3
523,184,104,55,42,57,95,433,3
484,175,88,49,40,62,100,440,3
469,175,92,51,38,61,108,420,3
477,198,100,55,44,63,105,403,3
542,204,108,59,44,64,113,404,3
543,213,105,56,42,58,115,347,3
537,222,110,56,38,48,107,360,3
538,255,124,61,43,54,101,364,3
609,245,121,57,35,51,98,356,3
630,257,124,60,36,55,94,339,3
681,274,131,66,44,60,86,340,3
694,265,124,65,46,61,89,343,3
684,230,114,64,45,61,86,305,3
667,243,117,63,44,59,92,312,3
701,251,121,66,45,56,90,342,3
657,231,122,64,42,57,98,355,3
639,235,126,66,42,60,110,408,3
694,243,124,66,44,59,112,418,3
701,271,125,67,45,62,110,410,3
629,277,128,68,46,66,116,422,3
589,288,131,68,45,64,110,430,3
635,283,130,70,49,76,118,425,3
640,292,128,66,46,73,115,413,3
606,273,131,73,51,78,120,428,3
569,242,114,66,51,81,113,379,3
642,243,111,69,52,80,113,372,3
617,273,129,70,47,67,96,305,3
559,272,140,79,51,79,115,383,3
520,242,134,73,46,76,111,381,3
546,257,139,72,43,70,115,386,3
467,230,135,67,42,69,114,356,3
517,225,120,63,43,74,115,387,3
536,197,99,50,37,64,105,392,3
611,202,94,48,41,63,108,405,3
604,186,89,52,46,65,105,418,3
638,199,87,51,46,72,107,429,3
567,157,82,50,43,68,108,435,3
531,164,86,50,43,65,106,402,3
494,167,89,49,45,62,96,393,3
464,156,87,48,44,65,94,404,3
456,149,91,59,53,74,92,394,3
455,165,95,63,57,78,89,362,3
492,170,95,64,56,78,86,327,3
499,181,91,64,53,81,94,292,3
539,198,93,63,50,77,95,293,3
506,196,88,55,43,63,86,313,3
567,190,81,47,41,61,82,295,3
591,196,84,49,42,63,75,293,3
531,184,87,49,42,60,73,314,3
549,187,91,50,41,59,72,290,3
548,180,98,51,41,55,71,367,3
507,177,100,53,41,50,73,379,3
504,163,98,53,42,51,78,385,3
552,161,99,55,45,56,70,375,3
551,154,99,58,44,55,72,452,3
599,153,90,56,42,60,69,375,3
582,152,90,54,43,63,74,370,3
573,151,91,51,43,70,72,358,3
582,156,95,53,41,69,76,361,3
593,149,85,46,39,69,73,271,3
541,145,88,48,41,71,75,315,3
606,146,90,48,38,70,70,353,3
580,142,90,49,39,60,71,355,3
547,137,86,42,37,55,76,384,3
506,168,97,48,37,58,76,363,3
519,172,91,46,34,51,75,329,3
451,182,92,50,36,50,94,302,3
428,185,86,49,35,50,104,322,3
450,203,94,52,34,53,100,282,3
486,187,91,52,38,55,110,309,3
524,183,92,56,40,60,111,323,3
549,186,99,54,40,61,96,335,3
637,190,108,57,38,59,95,360,3
607,178,98,56,38,56,93,373,3
608,167,99,58,40,70,85,369,3
568,173,98,54,38,68,89,356,3
573,182,98,60,40,71,88,328,3
500,183,95,58,43,73,75,329,3
505,192,103,62,47,76,84,335,3
459,201,101,60,44,64,81,317,3
489,215,105,61,45,61,78,336,3
481,201,96,55,43,58,89,354,3
515,204,99,59,45,56,88,321,3
543,192,93,56,42,68,90,297,3
546,187,94,53,44,65,89,295,3
519,178,94,51,43,64,87,266,3
517,177,95,54,44,69,92,254,3
482,171,89,52,43,75,100,235,3
534,191,95,60,46,71,110,257,3
639,190,89,60,46,72,114,290,3
641,193,86,62,45,72,121,310,3
611,198,85,58,45,68,107,308,3
665,212,89,61,46,74,107,391,3
622,201,88,55,44,67,100,438,3
546,203,90,56,41,64,93,430,3
555,195,90,57,41,66,97,444,3
589,204,100,62,41,73,98,439,3
526,198,105,64,41,66,104,391,3
500,191,104,64,39,62,98,330,3
446,202,116,67,42,64,99,350,3
460,201,114,64,41,65,91,345,3
452,188,108,69,45,62,101,348,3
430,169,102,61,41,56,82,309,3
505,195,105,64,43,58,83,310,3
538,211,107,65,42,55,84,266,3
557,224,112,69,47,57,107,261,3
593,226,113,64,42,50,100,246,3
620,226,109,65,44,53,107,255,3
600,221,108,63,41,50,106,247,3
567,193,97,60,41,62,108,254,3
537,203,102,59,40,71,91,240,3
481,202,95,58,42,69,88,250,3
518,211,97,60,41,66,88,252,3
524,193,86,56,42,67,85,260,3
542,188,83,57,44,66,85,263,3
558,162,76,57,44,59,81,265,3
554,149,78,55,44,62,83,302,3
498,135,76,50,43,62,78,302,3
473,134,78,49,41,61,75,282,3
544,170,81,46,37,51,72,271,3
526,167,78,42,33,49,63,242,3
547,171,83,48,38,61,95,213,3
543,171,83,47,37,61,98,240,3
562,197,84,52,43,65,105,258,3
489,160,80,53,43,66,109,272,3
499,160,91,59,44,61,112,273,3
465,189,97,57,43,49,90,288,3
454,188,100,59,45,54,89,261,3
422,172,104,59,42,52,84,274,3
467,193,105,56,42,49,72,257,3
462,205,105,59,45,57,84,299,3
545,183,95,59,42,55,82,283,3
599,187,96,60,43,56,85,326,3
628,190,99,62,46,64,89,348,3
621,186,107,65,49,66,95,360,3
623,185,104,56,43,60,85,341,3
631,193,109,54,44,58,84,348,3
615,204,109,54,43,63,86,336,3
590,200,109,52,41,63,94,336,3
572,190,101,49,37,60,93,324,3
577,203,99,52,41,60,97,331,3
548,204,96,52,39,61,97,330,3
556,198,91,48,37,53,92,303,3
551,184,83,44,36,48,80,301,3
558,192,81,45,38,53,76,317,3
565,175,85,50,39,58,83,334,3
545,172,84,53,44,62,80,341,3
622,177,96,64,47,63,84,368,3
599,181,95,64,46,61,95,398,3
589,176,98,64,46,60,103,405,3
570,171,90,60,44,60,93,377,3
546,157,83,56,40,57,102,357,3
496,154,80,52,40,57,114,351,3
523,163,86,54,38,57,106,274,3
510,162,86,56,44,73,100,253,3
517,160,92,57,45,72,102,272,3
542,171,102,67,48,74,106,285,3
462,164,104,64,45,72,95,274,3
425,153,100,62,45,75,94,275,3
427,145,95,60,41,64,91,288,3
458,161,96,59,41,61,94,288,3
455,164,90,49,36,57,82,254,3
519,190,89,51,36,56,80,258,3
577,196,94,58,38,64,103,346,3
586,227,110,64,39,61,113,355,3
542,214,103,63,37,60,109,357,3
517,210,105,65,38,61,110,386,3
475,180,98,61,37,63,110,398,3
415,170,96,56,35,48,87,322,3
445,148,86,54,32,44,77,294,3
442,145,92,56,32,45,86,298,3
417,138,84,53,31,44,84,288,3
437,162,88,51,33,52,85,278,3
469,165,92,57,36,57,90,306,3
428,164,94,53,38,56,89,321,3
471,168,89,49,37,55,81,313,3
490,180,90,49,39,59,92,354,3
474,159,85,48,41,51,90,350,3
454,162,79,41,37,52,87,327,3
449,146,70,39,37,53,87,310,3
400,151,75,44,40,56,95,331,3
395,150,79,47,42,55,82,280,3
381,157,81,52,39,57,79,267,3
415,165,86,55,41,51,78,268,3
481,181,93,58,41,52,81,292,3
481,177,99,56,38,50,76,276,3
483,163,95,54,36,50,80,291,3
498,177,104,57,36,45,82,317,3
492,180,107,55,34,49,101,355,3
421,157,98,51,32,49,99,338,3
483,166,95,53,38,56,101,350,3
481,165,95,54,38,51,99,340,3
492,149,81,47,38,53,95,329,3
503,130,69,46,38,50,73,295,3
597,158,82,57,47,70,92,398,3
589,152,80,55,44,68,86,373,3
623,172,91,57,44,68,88,375,3
613,172,91,57,44,68,91,368,3
606,173,95,61,49,83,103,378,3
612,173,93,57,42,67,95,327,3
617,167,89,57,45,65,100,332,3
637,193,109,71,50,72,100,330,3
673,195,112,71,51,73,102,328,3
676,202,109,68,48,60,96,329,3
621,204,104,66,47,66,89,288,3
584,221,111,66,49,71,86,351,3
520,204,96,59,48,70,95,366,3
478,207,95,60,49,71,97,383,3
506,209,102,64,51,70,94,374,3
520,219,109,70,51,69,100,424,3
588,210,106,69,47,69,98,398,3
607,199,92,59,41,61,92,416,3
587,188,92,59,40,60,90,406,3
531,185,88,54,38,62,85,400,3
512,154,78,42,37,57,80,342,3
525,158,75,39,36,49,82,346,3
543,153,81,47,42,59,83,308,3
538,158,82,47,42,62,79,293,3
595,181,87,47,43,56,83,290,3
575,179,84,48,40,54,84,301,3
508,172,91,50,42,54,82,247,3
470,172,91,48,40,57,87,246,3
471,167,90,50,44,61,93,255,3
393,130,84,50,42,61,91,258,3
410,131,87,51,42,61,85,236,3
439,132,83,50,41,62,91,314,3
442,129,82,50,39,51,80,329,3
420,138,81,46,35,46,80,369,3
500,143,80,46,36,50,85,367,3
526,176,81,45,39,54,91,398,3
539,168,76,45,41,55,90,344,3
514,167,68,41,40,54,94,322,3
534,169,70,46,40,55,89,264,3
486,169,69,48,40,56,90,286,3
465,145,71,53,38,56,91,262,3
400,145,74,54,35,53,85,269,3
433,142,75,54,35,54,82,274,3
459,140,72,48,36,48,86,277,3
417,142,82,51,36,46,86,261,3
403,144,83,43,35,41,77,231,3
422,143,82,41,38,45,86,260,3
398,142,83,41,36,44,87,256,3
399,169,98,47,36,48,78,254,3
419,170,90,43,36,46,72,280,3
492,165,86,47,36,47,77,334,3
467,173,85,50,34,53,64,327,3
478,191,87,51,37,62,61,319,3
497,165,67,48,35,58,75,321,3
505,154,63,43,33,56,75,301,3
416,143,61,45,40,59,83,259,3
456,137,64,43,42,55,83,248,3
487,121,61,43,45,58,81,248,3
431,114,64,42,46,59,68,269,3
449,126,63,46,47,61,77,300,3
449,157,71,41,41,56,69,318,3
421,160,70,40,38,57,69,307,3
380,162,75,45,36,50,75,306,3
367,169,75,44,35,46,80,331,3
319,166,78,42,32,47,84,317,3
375,151,76,47,36,51,83,285,3
404,157,79,50,41,55,87,285,3
479,172,84,50,36,51,84,301,3
515,170,84,52,36,54,98,298,3
547,171,83,53,36,51,89,292,3
514,165,87,53,36,57,87,327,3
497,168,85,50,31,50,84,321,3
416,145,89,53,37,55,86,310,3
378,156,95,53,39,56,69,272,3
380,157,100,55,40,60,73,264,3
402,174,100,56,39,59,74,216,3
401,168,98,56,39,59,75,224,3
421,160,84,49,34,55,76,244,3
421,153,83,49,33,52,78,238,3
440,167,79,47,34,52,77,233,3
401,150,71,41,33,49,78,274,3
439,152,74,49,38,53,83,292,3
436,169,83,51,41,53,83,271,3
460,169,81,50,41,54,89,295,3
409,171,87,53,44,60,87,284,3
475,169,85,52,45,59,83,243,3
465,165,87,51,41,57,81,241,3
451,156,90,52,41,58,94,272,3
449,157,100,59,44,64,95,261,3
446,137,92,56,41,61,97,270,3
416,142,95,55,39,59,108,318,3
388,138,96,52,39,58,106,315,3
412,143,87,49,39,54,98,319,3
410,146,73,38,35,46,88,315,3
410,141,71,38,31,39,83,315,3
400,141,86,46,38,42,71,304,3
365,141,84,44,38,46,73,293,3
348,145,91,51,38,53,73,264,3
342,132,93,57,39,54,76,256,3
353,141,96,59,41,56,76,257,3
385,147,93,56,37,56,82,239,3
396,161,97,62,39,61,82,295,3
412,162,97,59,37,56,87,316,3
404,172,95,53,36,55,85,317,3
393,174,98,56,37,54,96,334,3
335,171,87,53,34,55,97,329,3
411,165,85,48,33,50,93,279,3
439,157,79,45,34,49,86,267,3
427,149,77,47,35,48,91,284,3
457,141,76,44,36,51,85,282,3
521,159,87,47,37,57,76,291,3
485,156,82,45,38,57,75,293,3
470,158,98,54,39,59,74,299,3
493,154,100,55,39,59,69,279,3
466,160,102,55,42,62,66,311,3
402,136,91,53,43,55,94,304,3
397,135,93,52,40,54,99,319,3
363,137,77,46,38,53,98,322,3
336,147,74,45,39,67,96,318,3
402,149,73,42,35,62,101,273,3
392,141,71,40,33,61,73,262,3
424,134,67,41,37,63,67,282,3
518,137,72,44,37,62,65,261,3
526,133,74,44,35,49,71,267,3
475,123,72,46,34,45,73,292,3
51,41,75,286,197,96,122,262,4
46,38,66,219,173,96,113,248,4
54,39,68,224,179,92,112,241,4
57,37,68,224,192,101,129,199,4
58,42,68,232,184,91,108,187,4
59,41,64,240,174,85,114,192,4
64,41,64,248,186,82,118,202,4
64,43,62,234,174,95,132,226,4
63,43,59,247,162,94,120,227,4
67,43,49,242,170,99,128,277,4
65,42,51,237,167,97,133,266,4
62,48,49,233,157,102,133,263,4
56,45,60,246,170,91,126,249,4
58,48,63,226,170,83,118,257,4
53,47,64,190,150,90,124,218,4
66,52,65,180,150,96,130,237,4
66,50,73,178,159,86,132,254,4
67,50,69,192,170,90,132,255,4
67,49,64,175,158,96,138,261,4
67,49,68,199,182,87,137,261,4
59,46,73,224,195,82,124,259,4
61,43,70,237,200,83,129,229,4
60,42,65,223,189,82,133,231,4
60,44,66,241,196,78,142,230,4
64,43,66,249,192,83,153,247,4
63,39,56,230,189,85,147,220,4
63,43,53,213,171,84,143,236,4
63,44,56,213,183,90,142,257,4
61,42,63,207,193,85,130,272,4
60,42,62,185,173,91,108,246,4
62,42,63,203,187,97,124,257,4
62,41,66,206,192,104,136,320,4
66,45,62,206,181,96,125,315,4
65,45,53,199,168,100,127,298,4
63,46,50,211,187,90,127,325,4
61,47,51,203,164,83,113,330,4
58,46,50,205,168,88,90,257,4
56,45,62,224,163,102,95,239,4
57,45,64,225,183,104,90,240,4
55,43,63,223,171,105,96,225,4
55,41,66,230,172,110,119,203,4
54,41,63,218,158,105,132,204,4
56,40,61,252,186,101,148,200,4
55,41,63,264,187,97,147,237,4
59,49,67,260,197,96,142,217,4
61,51,66,267,200,87,123,214,4
64,53,76,307,252,95,151,209,4
65,51,71,260,226,86,145,272,4
64,48,69,251,210,85,149,231,4
67,44,75,288,243,93,150,233,4
61,44,74,275,234,96,152,232,4
60,43,73,272,228,90,128,281,4
65,48,77,306,246,83,129,312,4
67,49,80,319,261,90,162,327,4
65,48,73,286,225,83,171,328,4
74,49,80,290,233,90,176,343,4
76,49,74,254,185,88,167,320,4
69,47,70,217,178,91,157,236,4
69,45,66,208,159,87,121,239,4
64,44,64,204,152,95,115,249,4
53,42,55,198,140,84,109,252,4
49,39,66,268,194,88,111,254,4
54,40,63,277,188,89,132,287,4
52,41,64,284,209,102,136,271,4
59,45,69,285,210,92,133,284,4
62,44,68,276,218,90,131,269,4
65,45,56,210,179,88,135,253,4
64,41,64,257,199,102,110,215,4
65,42,60,238,174,92,104,245,4
61,39,54,234,180,106,104,217,4
58,38,58,241,178,110,106,218,4
52,36,55,244,179,112,116,216,4
56,40,52,192,165,106,115,232,4
52,38,56,222,181,110,111,210,4
54,41,55,229,174,102,119,245,4
54,42,56,231,182,99,118,240,4
58,40,65,254,191,99,104,257,4
55,41,64,245,184,95,118,263,4
61,43,70,251,186,92,120,266,4
64,42,74,252,197,86,115,237,4
64,41,77,264,205,85,109,278,4
64,41,73,251,190,78,126,304,4
63,39,72,263,186,88,124,284,4
58,37,63,232,171,81,133,283,4
54,35,62,253,168,78,126,297,4
59,38,64,284,171,77,128,258,4
66,41,66,299,204,86,116,299,4
63,47,65,294,210,71,102,301,4
62,50,66,307,205,68,90,304,4
67,51,67,301,212,72,87,300,4
63,51,57,248,188,69,92,302,4
56,51,56,212,153,55,80,224,4
61,49,59,235,147,55,89,229,4
67,49,58,225,154,61,89,234,4
61,47,53,203,126,57,99,213,4
63,46,68,269,167,64,111,238,4
59,43,66,275,169,72,127,267,4
56,39,68,262,171,71,121,302,4
51,36,70,279,190,76,131,282,4
61,41,71,278,198,79,137,289,4
60,38,58,225,167,81,124,272,4
62,38,60,229,169,77,106,232,4
67,37,60,225,164,93,125,255,4
70,38,54,197,132,97,114,252,4
68,36,53,201,132,96,106,245,4
64,36,53,203,133,92,106,238,4
66,37,59,231,141,96,110,261,4
56,35,55,231,143,85,100,188,4
53,34,61,244,158,84,102,193,4
45,32,61,236,154,81,113,203,4
45,31,60,237,151,77,120,231,4
44,33,55,216,144,72,120,202,4
45,33,56,220,167,68,124,209,4
46,33,55,226,176,56,126,222,4
47,38,65,259,188,56,107,237,4
48,40,71,271,195,62,113,221,4
53,41,70,272,192,61,108,235,4
54,42,71,295,181,63,106,225,4
53,43,68,277,162,68,107,217,4
52,44,67,289,178,70,122,233,4
53,43,62,271,176,66,111,221,4
57,48,68,279,177,70,121,236,4
60,49,66,239,169,72,111,240,4
58,48,66,246,174,68,105,260,4
60,46,60,225,162,68,98,233,4
62,50,62,236,166,69,94,231,4
55,45,56,227,164,65,84,234,4
55,45,56,244,170,67,78,231,4
56,44,55,233,164,67,77,207,4
54,44,56,243,191,68,79,190,4
62,42,53,234,193,73,94,207,4
62,44,52,227,193,75,100,193,4
57,45,55,219,190,69,116,223,4
60,46,59,220,189,69,117,227,4
57,45,56,196,145,66,115,231,4
47,44,60,239,161,67,109,254,4
50,42,78,317,227,66,124,232,4
55,51,81,315,233,67,124,209,4
55,51,82,328,242,71,124,196,4
60,53,89,331,250,72,117,187,4
58,50,89,314,244,66,112,146,4
58,51,84,274,195,65,119,215,4
57,45,81,272,192,65,110,222,4
54,46,81,261,192,61,111,221,4
54,43,71,243,179,58,114,230,4
56,46,71,264,175,56,119,267,4
55,45,60,226,179,58,87,227,4
52,39,72,261,188,60,96,253,4
57,44,70,268,176,69,108,284,4
50,43,73,279,188,75,113,291,4
55,46,70,242,175,75,110,245,4
54,44,71,238,162,71,110,234,4
53,45,59,238,189,73,101,182,4
55,41,59,258,209,65,85,148,4
57,43,56,260,221,61,90,170,4
60,40,57,273,227,63,94,180,4
69,42,58,285,245,71,108,181,4
72,41,55,257,215,67,111,185,4
73,46,59,247,212,69,117,171,4
71,45,59,239,195,69,116,199,4
64,44,60,229,196,67,126,233,4
54,42,71,292,197,62,116,232,4
50,46,75,302,200,64,115,237,4
42,40,74,311,209,65,129,329,4
47,41,76,320,203,69,124,300,4
49,45,75,316,198,75,113,276,4
54,49,65,252,176,75,111,279,4
52,45,65,234,166,72,108,291,4
51,43,60,193,134,69,95,205,4
52,43,58,193,145,68,102,199,4
50,41,61,202,154,64,101,198,4
46,37,59,185,140,68,108,247,4
52,36,52,176,145,71,108,233,4
55,39,55,202,160,72,99,211,4
54,39,52,180,146,66,87,202,4
56,36,47,173,139,66,96,213,4
60,36,43,162,144,57,89,203,4
55,38,47,177,140,58,92,216,4
55,37,44,152,129,61,90,220,4
56,37,44,151,131,61,100,225,4
53,38,48,176,141,61,99,229,4
49,38,51,179,142,66,105,187,4
47,39,52,194,150,74,106,170,4
43,41,52,191,140,68,108,169,4
49,44,53,211,145,69,102,182,4
46,43,50,191,141,70,90,170,4
48,43,49,192,130,68,88,186,4
52,40,45,165,108,58,86,178,4
55,42,48,166,112,58,79,179,4
47,37,52,157,103,65,81,179,4
51,40,52,164,92,63,95,179,4
54,38,61,259,129,64,101,163,4
48,40,63,269,135,65,102,166,4
49,37,60,269,139,64,102,193,4
53,37,64,269,146,56,101,182,4
55,37,67,267,142,53,90,192,4
51,37,60,176,114,47,76,187,4
57,40,62,174,128,47,79,263,4
62,42,63,171,122,52,83,245,4
62,43,56,155,107,53,89,238,4
60,41,52,181,125,56,87,218,4
59,42,52,217,154,62,87,223,4
53,39,48,213,143,65,85,162,4
50,41,53,236,174,63,93,182,4
48,39,55,241,182,65,95,225,4
46,41,53,216,171,62,96,253,4
48,40,52,192,146,67,102,250,4
55,44,54,199,146,63,102,231,4
58,39,46,167,109,66,99,229,4
57,43,43,182,110,65,91,188,4
60,42,48,199,132,65,98,161,4
60,42,50,201,130,54,96,164,4
57,40,54,221,139,55,113,159,4
53,40,59,264,160,52,111,163,4
54,40,59,252,157,55,113,175,4
56,43,57,252,148,57,105,166,4
54,44,57,245,157,57,99,177,4
52,42,53,227,155,56,78,193,4
52,44,54,186,141,60,84,181,4
51,43,54,187,146,55,91,177,4
48,42,54,187,137,60,95,176,4
48,42,55,187,129,59,106,181,4
49,42,55,189,133,60,113,194,4
47,43,55,187,133,57,114,199,4
50,47,59,215,138,65,111,209,4
49,44,59,207,145,62,115,223,4
54,46,59,202,149,65,105,237,4
54,47,56,203,142,63,98,214,4
57,45,56,203,144,61,111,218,4
54,40,51,167,129,54,110,209,4
54,42,51,168,130,50,102,208,4
51,40,55,188,152,56,104,229,4
51,38,54,165,151,68,101,227,4
43,39,55,167,155,72,82,224,4
51,40,54,188,164,68,76,223,4
48,39,63,223,170,70,99,213,4
47,38,59,211,147,63,104,161,4
48,40,58,222,143,60,110,189,4
48,42,56,229,137,58,110,163,4
40,40,56,223,143,62,108,180,4
42,44,52,205,142,64,96,182,4
46,43,53,209,137,65,85,181,4
52,45,55,204,146,64,84,155,4
53,44,53,192,146,64,77,157,4
55,46,53,189,134,67,82,161,4
57,43,48,154,116,64,92,183,4
62,47,49,150,122,68,95,197,4
55,44,45,145,116,63,95,189,4
60,45,45,136,104,62,101,202,4
71,48,50,154,119,58,103,186,4
75,50,48,164,123,65,89,218,4
72,49,49,167,129,67,92,216,4
73,50,51,168,121,63,89,228,4
68,47,57,229,160,63,80,220,4
54,43,53,214,147,62,69,213,4
52,42,53,225,155,58,105,155,4
51,40,55,254,171,59,109,166,4
55,36,55,253,178,59,125,200,4
57,38,47,212,156,59,135,220,4
61,39,49,224,159,59,141,228,4
56,39,48,219,164,57,121,224,4
52,37,45,187,139,49,121,197,4
48,38,46,196,137,56,103,145,4
48,39,49,205,146,65,97,124,4
44,38,46,187,145,65,93,183,4
49,39,47,172,128,66,88,189,4
49,39,45,155,125,72,84,188,4
45,38,47,150,119,66,88,193,4
45,39,49,127,95,60,102,188,4
46,42,52,169,114,64,109,136,4
49,42,54,174,117,63,114,173,4
53,48,57,182,117,56,115,181,4
56,50,58,216,134,62,116,185,4
55,50,59,229,141,61,99,182,4
52,46,58,214,130,58,93,174,4
45,43,56,219,137,59,92,162,4
40,36,55,214,138,59,83,190,4
52,34,51,178,125,64,81,189,4
58,37,48,149,121,63,82,187,4
58,40,55,173,123,69,81,192,4
59,40,53,173,114,75,89,188,4
65,42,55,185,131,78,93,159,4
60,41,58,190,138,70,93,155,4
55,39,58,200,135,72,100,161,4
56,37,51,164,124,68,96,152,4
56,37,53,174,131,62,88,135,4
65,38,51,164,114,64,95,157,4
67,42,48,170,124,64,92,159,4
71,45,51,173,126,64,85,166,4
73,50,52,180,127,59,91,178,4
72,52,54,171,135,57,86,176,4
59,53,61,198,163,54,85,165,4
54,50,62,197,163,59,92,181,4
49,46,57,191,163,64,94,195,4
45,41,55,197,172,66,90,191,4
47,40,51,189,168,67,99,187,4
47,36,43,159,141,63,97,173,4
50,38,44,158,122,57,91,177,4
48,36,47,157,120,55,102,179,4
49,35,48,154,114,55,113,180,4
52,38,50,162,116,60,124,179,4
51,38,47,167,113,66,122,185,4
50,36,43,157,111,67,123,160,4
52,35,48,182,126,67,111,168,4
49,36,49,183,123,65,134,216,4
48,30,50,176,110,58,117,221,4
51,36,55,188,123,54,125,226,4
52,39,60,207,144,61,131,241,4
49,38,53,188,132,70,140,235,4
49,37,54,192,133,69,109,196,4
50,40,50,192,138,75,110,191,4
47,42,45,179,131,76,109,184,4
42,41,39,151,107,70,103,179,4
54,43,42,152,106,64,99,160,4
60,48,45,156,119,68,100,151,4
58,44,46,160,120,66,100,161,4
58,39,45,153,111,71,84,163,4
63,41,45,161,116,77,81,157,4
55,41,46,152,128,79,94,156,4
51,36,39,131,109,76,106,222,4
52,38,41,120,108,74,110,217,4
55,41,49,133,112,67,112,234,4
51,41,53,132,112,70,118,272,4
50,41,57,175,132,59,102,276,4
47,41,59,192,145,55,99,237,4
47,39,56,193,139,55,94,253,4
51,36,50,182,147,71,105,243,4
64,37,49,194,156,64,107,201,4
65,42,44,171,133,67,106,209,4
66,42,44,148,116,73,94,198,4
67,44,43,152,115,80,103,193,4
63,43,48,160,109,70,97,204,4
55,43,50,143,98,74,94,199,4
53,39,49,127,92,76,95,178,4
55,40,51,142,101,74,100,175,4
52,39,52,158,108,68,104,255,4
50,40,49,153,101,66,107,255,4
44,36,49,159,113,63,113,259,4
44,36,48,169,116,72,110,262,4
42,34,47,168,114,70,105,275,4
42,35,47,144,111,70,102,211,4
44,35,48,158,127,76,99,206,4
41,33,48,161,122,78,92,200,4
44,36,47,149,119,67,96,205,4
50,41,47,136,112,72,102,190,4
55,39,58,219,138,76,106,199,4
52,39,58,217,148,72,107,192,4
57,42,57,223,150,68,106,201,4
59,40,57,231,152,83,111,190,4
58,40,55,230,154,83,111,204,4
56,41,46,174,136,78,102,162,4
58,42,44,161,107,76,98,150,4
61,43,39,146,104,78,96,143,4
57,43,41,147,101,60,86,158,4
51,40,43,147,105,58,84,147,4
52,40,40,131,96,62,79,152,4
52,39,43,147,109,63,77,153,4
45,37,58,201,179,72,97,156,4
44,40,66,212,191,82,117,164,4
51,43,68,223,206,83,114,221,4
45,43,68,225,209,79,120,226,4
43,44,70,232,209,81,121,234,4
40,42,58,185,147,71,104,228,4
44,40,49,177,139,72,86,218,4
39,38,48,176,123,72,102,183,4
46,42,49,176,121,78,110,194,4
48,42,47,169,129,77,109,192,4
49,43,45,163,125,80,109,202,4
54,42,45,154,119,67,107,222,4
53,40,52,191,143,77,101,196,4
51,37,52,196,146,76,102,178,4
63,39,50,188,135,76,116,234,4
67,40,58,206,134,74,132,267,4
61,41,58,209,139,84,140,261,4
61,40,49,176,119,75,134,258,4
64,42,52,199,126,77,131,279,4
51,39,52,205,133,77,138,262,4
46,37,43,195,143,76,123,222,4
50,42,46,210,154,69,123,232,4
49,43,48,205,141,74,156,255,4
44,42,48,178,133,71,155,239,4
44,43,47,186,137,73,141,214,4
49,47,49,180,126,73,145,215,4
46,43,47,150,118,72,142,212,4
49,44,45,150,123,61,112,207,4
49,47,41,143,122,59,114,203,4
51,48,41,117,106,58,111,201,4
49,45,44,128,113,59,127,199,4
47,42,48,186,124,58,131,206,4
46,43,51,196,123,67,125,181,4
44,37,55,211,125,65,113,194,4
42,36,56,215,135,64,111,190,4
44,39,54,213,134,63,86,189,4
44,44,52,178,123,71,76,150,4
47,40,53,193,127,65,77,152,4
56,49,60,203,149,67,105,151,4
58,47,61,213,153,68,108,144,4
53,46,65,221,163,68,108,154,4
59,44,66,212,156,57,109,177,4
55,46,63,193,150,53,106,177,4
49,40,52,186,132,48,79,154,4
47,39,53,178,117,48,73,152,4
46,40,49,166,101,48,89,151,4
40,41,60,230,158,61,82,120,4
38,42,64,235,167,63,103,114,4
37,40,66,226,162,73,108,123,4
39,40,65,223,165,70,114,190,4
39,40,64,218,165,69,135,212,4
37,36,50,167,115,58,143,217,4
42,35,45,156,102,58,127,218,4
39,38,44,164,106,61,125,211,4
39,40,44,181,120,64,126,158,4
42,39,47,178,125,64,96,145,4
44,42,49,168,128,65,92,147,4
40,39,49,169,125,66,97,170,4
44,37,46,152,125,60,97,172,4
44,35,43,123,105,54,87,165,4
48,38,42,155,116,50,86,189,4
52,37,41,173,129,52,80,194,4
56,38,42,170,133,53,78,182,4
57,44,45,208,137,46,82,190,4
61,45,47,218,150,54,97,216,4
63,44,44,202,134,56,98,178,4
58,43,43,189,141,54,93,163,4
61,45,45,191,141,64,98,165,4
60,39,44,156,138,67,93,170,4
56,39,42,144,129,63,79,137,4
49,36,48,163,133,61,81,170,4
49,36,51,163,124,67,81,171,4
42,41,49,156,121,60,73,176,4
48,42,51,164,116,68,75,171,4
49,41,52,179,119,70,81,173,4
58,42,48,159,117,75,91,157,4
59,43,44,172,105,70,96,157,4
66,40,48,184,109,73,104,151,4
63,40,45,174,106,67,102,197,4
63,43,51,210,124,67,103,204,4
56,42,56,228,143,66,87,197,4
57,44,59,221,142,68,90,208,4
49,42,59,229,145,60,90,205,4
53,49,60,229,149,57,90,178,4
53,47,53,187,129,54,87,186,4
55,49,52,165,109,52,93,183,4
51,46,50,153,103,49,96,168,4
51,46,46,130,94,50,91,166,4
43,37,47,141,103,49,102,153,4
43,39,50,173,137,56,100,164,4
41,35,47,177,134,57,102,170,4
43,35,47,182,132,59,96,170,4
44,35,46,177,134,61,95,170,4
49,36,44,165,137,64,86,166,4
51,37,48,135,108,59,87,149,4
51,38,45,143,113,64,86,137,4
58,42,43,134,118,67,106,196,4
61,42,46,139,125,69,108,197,4
59,41,45,160,113,73,109,200,4
67,40,40,176,123,77,111,189,4
68,40,47,181,128,84,113,238,4
67,39,50,183,124,81,107,228,4
64,37,51,195,123,79,105,237,4
66,39,55,202,144,73,101,235,4
54,36,53,179,128,69,97,238,4
51,34,51,170,122,55,101,208,4
47,32,50,175,132,59,95,170,4
49,32,52,183,137,62,102,192,4
46,35,49,155,115,63,114,194,4
52,39,50,186,121,62,146,216,4
53,41,46,182,116,62,141,222,4
52,42,45,185,106,60,137,226,4
52,41,43,166,99,59,136,194,4
54,38,43,182,106,65,125,187,4
52,36,45,175,107,69,93,159,4
48,34,48,175,117,68,96,161,4
49,36,48,166,117,79,113,162,4
49,42,47,157,108,82,109,175,4
45,41,46,145,118,77,116,173,4
45,42,41,116,110,73,112,181,4
47,46,39,117,99,72,115,186,4
52,47,37,114,100,73,107,190,4
58,49,53,170,137,70,109,185,4
58,49,56,165,122,71,117,197,4
58,48,61,171,125,73,114,196,4
59,45,62,179,137,75,108,164,4
61,44,63,185,141,71,109,193,4
54,39,52,146,111,72,108,195,4
53,37,49,159,109,69,98,218,4
53,39,45,169,113,70,101,211,4
50,40,44,165,101,66,99,210,4
49,37,45,165,112,59,94,176,4
52,37,45,166,109,56,107,217,4
52,39,43,157,108,54,104,200,4
50,37,43,152,112,58,106,208,4
54,36,42,153,132,63,106,204,4
50,44,42,159,119,59,100,229,4
46,43,41,157,119,57,85,204,4
48,41,42,162,117,63,92,194,4
46,41,45,194,136,57,92,188,4
45,42,50,196,124,58,91,193,4
42,35,48,188,121,59,89,164,4
42,35,45,180,124,63,88,154,4
40,37,47,181,135,68,85,160,4
47,43,47,140,107,68,82,158,4
43,39,42,137,125,62,85,159,4
50,42,43,134,127,62,83,160,4
52,44,45,139,117,75,89,160,4
52,43,50,165,117,70,86,184,4
49,39,47,162,118,72,92,196,4
53,42,48,155,90,73,88,192,4
51,41,51,169,105,73,91,186,4
52,40,56,181,117,63,86,198,4
60,41,51,145,109,60,84,177,4
65,44,56,156,127,60,80,163,4
63,43,57,182,142,61,84,163,4
60,43,57,186,136,70,86,174,4
59,43,53,192,138,63,79,141,4
50,40,52,200,136,65,80,125,4
45,38,45,189,120,67,84,126,4
44,37,45,167,104,66,84,168,4
45,38,44,145,114,55,83,155,4
50,40,43,124,107,59,103,176,4
53,42,43,117,105,58,111,193,4
51,41,44,121,105,55,111,197,4
52,41,44,148,130,56,106,182,4
48,39,41,151,117,57,102,185,4
50,38,42,148,119,71,91,163,4
47,39,44,150,128,70,85,143,4
45,36,44,154,133,73,85,141,4
47,40,43,135,112,85,88,118,4
50,40,48,163,118,84,94,128,4
42,38,46,166,117,72,92,130,4
44,36,50,164,125,87,108,127,4
44,39,57,169,137,92,106,159,4
44,33,57,162,136,84,113,214,4
48,34,54,129,126,85,115,221,4
54,39,54,153,151,87,113,230,4
54,39,55,166,142,77,99,233,4
58,39,48,158,124,68,99,221,4
57,40,46,151,129,64,90,165,4
52,43,52,185,150,65,93,159,4
48,38,51,171,123,67,102,184,4
52,40,45,162,124,67,102,192,4
48,38,46,167,128,67,109,182,4
54,38,49,177,126,66,107,203,4
56,38,44,156,108,70,107,211,4
54,44,44,147,108,73,112,188,4
47,41,45,142,109,69,114,183,4
52,44,43,133,103,66,106,186,4
48,46,40,121,90,73,106,196,4
44,42,38,126,92,70,95,181,4
48,39,37,128,90,67,83,177,4
47,42,40,131,87,65,70,168,4
43,39,40,128,89,65,94,169,4
42,37,41,140,92,62,100,151,4
46,39,40,126,94,59,100,158,4
47,41,48,131,96,56,103,164,4
51,39,45,122,86,57,105,165,4
53,42,51,133,94,58,81,197,4
52,40,52,128,102,60,72,190,4
49,39,55,166,103,60,80,194,4
46,35,51,161,104,60,77,199,4
45,33,52,203,129,60,81,223,4
43,31,48,201,124,59,84,188,4
42,34,48,202,126,54,87,185,4
44,33,48,176,126,61,98,177,4
49,37,48,182,127,63,98,175,4
51,39,46,135,107,60,94,169,4
49,38,50,155,108,59,94,168,4
52,41,49,166,110,56,99,163,4
52,42,49,159,106,47,83,162,4
51,40,45,152,105,43,84,165,4
48,39,43,157,99,46,84,155,4
49,38,38,150,110,52,86,153,4
48,37,38,137,97,51,84,172,4
49,39,35,135,90,53,104,212,4
50,41,41,157,100,58,100,208,4
54,40,43,184,133,63,102,199,4
58,41,45,174,125,63,118,206,4
57,39,44,169,132,66,120,206,4
56,39,45,183,140,69,105,175,4
53,35,44,167,132,63,108,165,4
49,36,44,137,104,68,114,160,4
43,39,46,154,113,67,97,171,4
45,42,47,158,106,66,110,193,4
46,39,45,147,99,64,125,185,4
45,40,45,150,114,69,125,185,4
51,42,46,143,113,60,115,194,4
51,36,43,136,108,58,131,198,4
53,35,45,144,108,55,122,213,4
51,37,47,178,139,52,107,203,4
57,41,47,180,128,51,112,205,4
54,40,47,188,129,50,118,221,4
53,41,45,176,124,53,104,223,4
52,43,42,166,121,54,96,173,4
54,41,43,160,97,55,103,175,4
47,38,43,199,111,58,97,178,4
44,41,42,196,113,57,95,157,4
44,42,50,224,134,63,96,154,4
41,38,50,223,140,69,97,169,4
42,41,47,206,133,67,87,178,4
42,41,50,178,134,69,81,198,4
41,38,49,176,129,73,87,194,4
43,37,44,144,109,71,95,227,4
46,38,46,150,107,67,99,243,4
44,36,46,143,101,68,99,242,4
46,34,47,162,98,59,104,223,4
49,38,51,168,102,57,99,221,4
49,38,49,168,100,52,87,231,4
47,41,48,182,114,59,83,213,4
46,42,50,185,120,66,87,210,4
43,43,44,156,111,69,88,218,4
45,39,43,153,109,68,101,223,4
42,39,44,167,111,72,98,173,4
44,35,48,174,121,72,95,168,4
48,34,47,181,124,66,102,176,4
46,33,47,177,121,67,107,172,4
44,33,46,175,124,69,91,200,4
46,36,46,163,126,65,91,189,4
45,41,44,143,118,62,96,194,4
40,43,44,122,108,61,91,183,4
42,45,48,120,107,58,79,194,4
46,48,52,146,110,57,79,179,4
43,45,51,142,104,53,79,179,4
41,45,47,137,87,48,78,169,4
44,46,45,138,86,50,71,181,4
44,44,41,131,84,47,66,165,4
43,41,35,131,86,47,70,201,4
48,40,37,156,98,49,71,212,4
53,39,40,156,99,49,65,220,4
56,37,46,190,117,50,66,210,4
58,38,45,196,122,51,81,226,4
54,39,45,179,117,47,90,174,4
54,41,46,165,111,46,105,154,4
50,42,45,184,118,54,117,158,4
47,41,41,161,105,61,123,189,4
45,42,45,156,99,67,118,172,4
45,41,46,170,102,71,119,183,4
42,38,47,168,106,71,111,191,4
42,37,46,165,118,64,109,175,4
39,37,51,177,133,57,117,179,4
41,40,51,197,140,53,119,201,4
46,43,51,187,139,55,108,198,4
49,45,50,180,132,59,117,193,4
51,45,50,163,124,64,111,256,4
55,45,44,144,112,62,105,233,4
53,45,41,137,113,62,102,220,4
52,44,39,143,115,64,122,220,4
51,41,42,146,119,59,106,224,4
49,39,43,171,128,60,102,174,4
47,41,45,172,135,68,103,178,4
45,37,44,160,132,66,106,167,4
43,38,43,146,125,62,94,184,4
39,41,39,152,130,69,102,195,4
40,44,43,136,121,66,105,192,4
38,42,45,151,123,61,97,188,4
38,42,44,154,119,64,94,204,4
38,41,48,157,122,68,83,183,4
44,39,48,160,126,61,73,175,4
43,38,46,163,119,61,73,166,4
42,35,43,151,101,62,75,176,4
42,36,43,146,107,60,84,154,4
40,33,42,147,104,50,84,155,4
36,37,43,132,87,51,92,156,4
38,35,38,107,78,43,91,179,4
36,37,37,87,74,38,85,176,4
42,39,38,83,64,33,77,199,4
42,40,40,76,59,34,76,254,4
44,37,37,103,69,37,78,263,4
45,38,37,116,80,39,75,245,4
47,37,43,146,91,39,78,251,4
50,34,47,150,93,44,80,240,4
50,33,45,149,99,47,84,196,4
51,34,50,132,97,46,90,185,4
49,35,51,138,93,48,90,208,4
49,38,54,154,108,55,88,203,4
45,42,53,163,121,56,98,226,4
45,43,51,172,125,58,92,217,4
42,42,51,182,128,59,92,214,4
44,42,54,202,138,60,88,192,4
49,41,49,175,124,61,91,191,4
47,41,46,166,111,60,83,182,4
45,43,48,163,102,57,92,183,4
45,44,46,174,108,59,92,182,4
46,45,45,156,96,64,97,174,4
44,45,44,155,96,57,101,178,4
46,41,44,157,91,63,96,155,4
54,40,43,160,88,62,93,149,4
53,38,44,154,87,66,95,150,4
53,38,45,151,76,61,98,173,4
51,38,45,167,96,64,96,165,4
52,38,48,173,110,59,96,165,4
44,38,50,172,113,59,104,172,4
46,42,50,155,104,57,103,198,4
43,42,48,172,117,65,124,197,4
43,43,50,171,105,65,124,199,4
42,44,49,168,94,68,125,198,4
47,50,48,169,98,69,119,200,4
50,48,45,170,94,64,108,166,4
49,46,44,134,77,55,94,164,4
47,42,40,106,71,52,93,179,4
48,42,38,101,71,47,99,199,4
41,34,38,87,67,44,102,191,4
38,31,37,83,69,42,101,200,4
40,34,37,89,71,44,87,220,4
47,36,50,162,116,46,86,210,4
46,35,52,163,117,42,95,205,4
48,35,50,166,117,46,93,208,4
48,37,55,196,125,47,105,226,4
50,36,55,210,137,48,104,205,4
46,37,48,168,104,44,105,191,4
45,37,47,168,102,46,99,185,4
44,39,49,183,120,41,97,196,4
48,39,48,166,130,43,93,206,4
47,37,48,149,124,42,105,216,4
49,38,44,146,121,45,113,229,4
50,42,44,171,133,47,122,224,4
50,43,42,160,125,50,121,214,4
47,44,41,162,118,49,115,183,4
45,44,38,164,111,53,113,163,4
50,44,41,163,117,49,109,155,4
51,43,43,140,110,45,89,189,4
53,43,43,130,108,46,93,199,4
55,40,43,129,106,50,97,201,4
54,41,48,132,105,47,85,201,4
48,37,53,142,107,48,77,218,4
46,34,55,177,136,50,79,205,4
55,35,55,186,135,53,73,199,4
62,38,53,179,132,51,82,203,4
63,39,57,226,154,57,85,211,4
65,41,55,255,169,61,89,195,4
64,41,53,236,151,63,88,179,4
53,41,57,249,158,60,98,205,4
44,41,62,272,169,57,104,204,4
44,40,57,236,153,52,106,215,4
46,39,55,208,148,53,108,231,4
52,44,57,199,140,54,121,273,4
53,40,57,186,139,59,112,247,4
51,37,52,152,126,61,103,237,4
49,38,52,157,127,58,100,216,4
45,36,53,178,121,57,112,212,4
42,33,49,184,131,53,105,185,4
47,35,43,180,129,50,112,189,4
52,40,46,193,137,57,111,190,4
52,44,47,186,138,72,113,230,4
54,45,42,157,126,82,97,222,4
58,47,45,149,112,83,94,197,4
58,47,51,161,119,87,88,192,4
54,42,49,147,111,98,91,216,4
53,37,46,143,103,92,102,185,4
49,38,49,146,100,85,104,171,4
42,36,47,162,118,84,98,166,4
36,36,43,148,110,80,100,184,4
44,36,41,146,109,61,88,162,4
45,37,40,147,111,56,73,149,4
47,36,39,142,113,59,70,156,4
49,37,37,127,98,61,74,171,4
50,37,39,132,99,65,70,146,4
43,36,40,133,96,66,73,142,4
44,37,42,130,97,67,76,168,4
48,39,44,127,100,60,74,184,4
50,42,48,126,103,62,90,178,4
48,42,47,141,104,57,89,175,4
52,41,46,153,110,59,94,181,4
51,41,47,151,106,57,92,180,4
49,39,46,151,106,56,98,163,4
47,35,44,161,102,54,98,160,4
49,38,46,143,90,63,97,166,4
42,39,47,123,86,63,89,166,4
44,38,44,128,86,64,89,152,4
45,41,45,134,86,67,90,156,4
44,43,42,132,83,74,85,154,4
46,43,40,126,86,71,100,177,4
48,41,39,136,88,71,99,197,4
46,41,42,150,113,74,100,188,4
47,41,41,145,121,76,97,181,4
47,42,44,129,127,69,92,183,4
43,40,44,133,125,66,74,167,4
44,43,43,148,144,65,79,138,4
44,45,41,138,127,62,84,144,4
49,45,45,146,128,60,86,152,4
54,43,46,157,124,58,84,187,4
54,45,46,164,128,62,84,178,4
52,42,46,152,108,56,98,191,4
54,41,47,146,110,56,95,196,4
51,41,43,140,100,64,99,195,4
47,41,45,152,109,71,107,164,4
48,40,44,146,107,69,110,169,4
50,40,45,147,115,72,100,168,4
55,40,47,164,113,74,98,193,4
53,41,55,169,111,76,89,191,4
49,37,51,148,99,67,78,190,4
51,44,55,178,121,68,85,200,4
52,46,56,182,111,64,86,206,4
41,45,54,177,110,64,87,177,4
41,45,49,179,111,56,92,171,4
46,50,50,192,115,64,99,195,4
42,46,45,166,95,60,96,219,4
48,46,43,158,90,60,93,213,4
51,48,46,211,116,60,93,211,4
50,45,45,214,119,73,88,228,4
50,42,43,206,116,69,88,231,4
52,43,45,203,114,73,90,196,4
47,40,43,206,125,79,87,177,4
48,39,38,148,109,103,95,193,4
50,39,34,131,105,91,105,211,4
58,45,36,126,102,91,107,207,4
56,43,36,158,118,90,119,238,4
57,47,36,143,103,89,119,241,4
57,46,34,142,101,62,122,236,4
56,45,34,160,108,69,114,206,4
50,40,40,176,115,70,110,184,4
52,39,39,151,102,70,94,162,4
50,37,41,156,105,68,97,161,4
48,36,43,169,112,70,112,150,4
52,42,48,168,112,71,124,176,4
52,42,42,156,105,70,123,193,4
51,46,46,151,99,71,124,174,4
51,44,46,182,116,69,122,172,4
60,51,47,166,114,69,105,169,4
54,46,43,151,108,58,103,209,4
52,44,49,157,114,57,116,207,4
53,41,50,171,118,54,112,212,4
56,43,47,139,106,53,112,234,4
44,35,45,134,96,44,105,238,4
46,36,47,137,100,50,93,182,4
46,36,45,137,104,48,69,169,4
45,36,43,123,98,47,80,190,4
42,32,49,121,97,52,85,177,4
49,38,52,129,99,52,88,186,4
47,36,54,155,109,51,88,195,4
46,39,52,171,107,55,95,190,4
46,42,50,175,106,58,89,176,4
47,42,46,168,101,58,86,175,4
45,36,43,164,99,71,82,160,4
47,42,41,135,80,71,88,200,4
48,40,45,133,67,71,88,220,4
45,38,47,137,95,76,99,223,4
45,38,46,147,102,73,100,217,4
44,41,47,152,103,63,102,215,4
38,36,50,161,106,60,99,178,4
41,39,43,141,106,57,102,173,4
47,43,52,167,118,58,99,161,4
45,43,53,163,112,61,104,164,4
50,39,52,161,108,61,105,177,4
50,41,53,153,107,62,110,170,4
54,40,54,148,105,64,101,160,4
49,35,51,151,91,58,97,162,4
49,38,49,147,93,54,89,159,4
43,39,48,145,96,54,90,150,4
50,37,46,141,94,60,79,143,4
43,33,44,142,95,59,83,134,4
50,33,42,100,74,64,89,130,4
50,31,44,102,83,65,105,189,4
51,33,43,101,85,82,102,196,4
50,35,42,113,84,79,101,193,4
59,41,43,147,99,80,105,216,4
55,39,41,153,106,75,98,228,4
57,41,41,171,107,78,86,193,4
59,40,47,182,111,60,88,180,4
57,37,47,190,117,78,94,211,4
55,39,48,171,112,79,94,186,4
55,42,46,168,107,79,96,181,4
55,41,47,164,104,78,91,184,4
52,38,43,156,98,76,95,207,4
51,39,45,158,113,59,89,182,4
47,35,51,190,114,57,82,181,4
48,35,52,189,128,58,82,203,4
44,33,49,177,126,54,80,185,4
48,39,49,172,126,57,72,170,4
53,43,47,178,126,59,71,177,4
56,43,42,151,130,74,100,205,4
58,45,45,159,121,72,111,184,4
60,46,55,172,133,80,128,201,4
60,44,58,179,136,78,133,210,4
55,40,56,165,128,76,146,229,4
50,39,55,172,125,66,133,209,4
46,38,52,162,118,66,129,203,4
44,40,45,162,124,55,116,223,4
41,38,41,154,122,65,113,215,4
44,40,46,150,115,67,103,188,4
42,39,47,128,116,63,107,193,4
47,38,46,127,119,66,105,227,4
50,37,46,134,111,71,98,196,4
55,39,50,140,117,74,101,190,4
58,39,46,142,120,75,107,186,4
62,41,45,141,116,74,98,248,4
59,42,46,158,126,76,90,214,4
56,41,45,154,132,76,92,211,4
53,39,43,155,120,70,96,227,4
48,37,44,156,119,71,117,269,4
43,36,41,151,118,70,115,219,4
52,37,47,151,112,63,120,216,4
52,37,45,129,91,60,122,222,4
54,37,44,124,104,60,116,204,4
55,35,40,115,100,50,80,164,4
57,38,47,159,106,62,92,142,4
51,37,40,145,99,68,109,177,4
52,38,44,150,102,66,107,195,4
53,41,47,173,95,62,118,198,4
51,42,55,205,117,67,125,203,4
47,42,55,190,122,60,128,214,4
44,40,55,192,120,54,118,192,4
45,41,54,192,126,65,127,188,4
45,39,51,178,134,68,118,198,4
47,41,42,146,122,66,115,212,4
47,41,38,131,110,62,102,205,4
49,42,40,125,110,65,101,209,4
46,40,38,125,102,60,91,233,4
40,39,38,142,109,66,106,230,4
40,37,39,141,102,68,104,205,4
39,37,39,140,111,77,110,205,4
41,38,36,141,112,73,103,196,4
44,41,43,179,127,74,106,167,4
47,43,47,165,117,71,88,152,4
48,41,49,174,126,75,86,150,4
49,40,48,181,119,65,81,142,4
45,43,35,109,94,63,93,146,4
44,42,37,116,100,63,93,146,4
42,43,41,137,105,63,92,157,4
38,45,40,128,97,66,93,158,4
39,43,46,155,99,67,89,156,4
40,40,50,173,104,72,99,187,4
40,39,51,172,97,70,103,201,4
42,39,51,160,86,68,94,175,4
43,36,55,169,91,67,93,172,4
41,37,53,150,79,67,103,174,4
39,38,49,132,79,67,96,188,4
41,41,53,186,143,74,104,179,4
42,41,50,185,145,73,111,174,4
42,43,45,178,147,74,105,171,4
43,41,40,178,148,73,100,192,4
44,41,42,177,150,75,95,150,4
41,38,32,106,90,69,82,153,4
43,40,36,114,95,70,74,161,4
47,42,40,121,86,69,87,213,4
46,42,47,129,86,67,83,207,4
43,41,45,127,79,65,94,216,4
45,43,49,146,89,64,99,207,4
44,39,45,148,87,65,102,202,4
41,35,46,158,106,64,99,183,4
44,36,42,151,107,63,105,184,4
45,39,44,168,115,61,97,182,4
48,41,46,158,109,58,97,190,4
44,42,50,160,110,58,105,189,4
44,43,47,148,96,59,100,163,4
45,43,49,179,118,63,96,152,4
49,44,49,165,116,64,97,162,4
45,41,50,189,126,69,93,149,4
50,41,52,190,130,77,80,156,4
49,40,52,183,132,75,76,154,4
46,38,50,160,116,76,89,173,4
43,35,51,162,114,83,93,169,4
42,33,46,130,101,81,97,178,4
37,33,46,129,95,71,100,195,4
44,36,47,156,108,68,102,187,4
50,38,50,162,115,67,91,179,4
48,40,49,160,111,62,84,172,4
52,43,50,159,110,59,84,167,4
56,44,47,152,110,61,92,144,4
53,46,48,140,119,61,91,157,4
46,44,48,119,109,58,95,147,4
49,44,46,123,112,56,100,141,4
50,43,46,141,114,67,95,150,4
51,44,44,135,116,68,93,157,4
49,39,42,145,127,67,96,146,4
51,41,41,152,127,72,96,151,4
54,42,42,153,125,70,99,157,4
49,41,40,141,121,63,99,144,4
45,37,39,141,118,63,104,152,4
46,38,42,148,81,62,101,181,4
44,36,42,152,85,76,104,182,4
36,32,42,147,84,75,97,173,4
36,32,42,139,96,86,107,178,4
37,33,42,150,94,83,95,201,4
40,34,45,181,97,63,96,163,4
39,36,43,181,101,61,98,171,4
45,37,46,190,119,60,99,199,4
46,37,44,143,108,56,103,197,4
47,36,44,127,111,61,114,191,4
49,37,47,128,114,60,104,187,4
49,35,52,155,117,60,110,217,4
44,34,50,149,101,55,107,195,4
44,36,49,153,104,59,114,210,4
51,37,47,150,95,53,99,211,4
53,41,48,175,97,61,96,209,4
57,41,43,154,90,58,94,178,4
58,39,43,150,93,59,101,191,4
58,37,41,151,91,58,94,180,4
50,35,47,180,109,63,95,176,4
48,33,46,153,106,56,106,170,4
48,34,46,159,105,51,113,172,4
46,35,43,158,102,49,121,158,4
49,36,47,166,116,56,123,175,4
53,38,43,139,104,66,131,171,4
52,42,49,177,125,70,128,195,4
51,41,48,167,124,75,119,193,4
51,41,49,169,125,74,104,192,4
44,42,46,153,138,69,110,179,4
44,42,45,176,148,65,123,205,4
46,41,46,176,150,66,122,197,4
41,41,44,171,143,66,110,193,4
